source,target,weight
BuzzFeed_Fake_24,BuzzFeed_Real_32,8
BuzzFeed_Fake_24,BuzzFeed_Real_43,2
BuzzFeed_Fake_24,BuzzFeed_Fake_4,15
BuzzFeed_Fake_24,BuzzFeed_Fake_9,6
BuzzFeed_Fake_24,BuzzFeed_Fake_31,11
BuzzFeed_Fake_24,BuzzFeed_Fake_34,13
BuzzFeed_Fake_24,BuzzFeed_Fake_72,4
BuzzFeed_Fake_24,BuzzFeed_Fake_78,21
BuzzFeed_Fake_24,BuzzFeed_Fake_81,2
BuzzFeed_Fake_24,BuzzFeed_Fake_84,1
BuzzFeed_Fake_24,BuzzFeed_Fake_39,4
BuzzFeed_Fake_24,BuzzFeed_Fake_48,3
BuzzFeed_Fake_24,BuzzFeed_Fake_50,6
BuzzFeed_Fake_24,BuzzFeed_Real_89,1
BuzzFeed_Fake_24,BuzzFeed_Fake_47,18
BuzzFeed_Fake_24,BuzzFeed_Fake_7,3
BuzzFeed_Fake_24,BuzzFeed_Fake_25,2
BuzzFeed_Fake_24,BuzzFeed_Fake_27,1
BuzzFeed_Fake_24,BuzzFeed_Fake_56,2
BuzzFeed_Fake_24,BuzzFeed_Fake_41,1
BuzzFeed_Fake_24,BuzzFeed_Real_84,1
BuzzFeed_Fake_24,BuzzFeed_Fake_52,6
BuzzFeed_Fake_24,BuzzFeed_Fake_54,1
BuzzFeed_Fake_24,BuzzFeed_Fake_69,1
BuzzFeed_Fake_24,BuzzFeed_Fake_30,6
BuzzFeed_Fake_24,BuzzFeed_Real_72,1
BuzzFeed_Fake_24,BuzzFeed_Real_5,1
BuzzFeed_Fake_24,BuzzFeed_Real_28,1
BuzzFeed_Fake_24,BuzzFeed_Real_4,1
BuzzFeed_Fake_89,BuzzFeed_Fake_45,10
BuzzFeed_Fake_89,BuzzFeed_Fake_77,183
BuzzFeed_Fake_89,BuzzFeed_Fake_5,7
BuzzFeed_Fake_89,BuzzFeed_Fake_37,1
BuzzFeed_Fake_89,BuzzFeed_Fake_19,18
BuzzFeed_Fake_89,BuzzFeed_Fake_4,35
BuzzFeed_Fake_89,BuzzFeed_Real_5,2
BuzzFeed_Fake_89,BuzzFeed_Real_7,1
BuzzFeed_Fake_89,BuzzFeed_Real_15,2
BuzzFeed_Fake_89,BuzzFeed_Fake_82,9
BuzzFeed_Fake_89,BuzzFeed_Fake_7,24
BuzzFeed_Fake_89,BuzzFeed_Fake_15,24
BuzzFeed_Fake_89,BuzzFeed_Fake_50,18
BuzzFeed_Fake_89,BuzzFeed_Fake_51,22
BuzzFeed_Fake_89,BuzzFeed_Fake_9,22
BuzzFeed_Fake_89,BuzzFeed_Real_58,11
BuzzFeed_Fake_89,BuzzFeed_Fake_36,6
BuzzFeed_Fake_89,BuzzFeed_Real_73,1
BuzzFeed_Fake_89,BuzzFeed_Fake_56,7
BuzzFeed_Fake_89,BuzzFeed_Fake_13,13
BuzzFeed_Fake_89,BuzzFeed_Fake_11,5
BuzzFeed_Fake_89,BuzzFeed_Fake_14,19
BuzzFeed_Fake_89,BuzzFeed_Fake_16,5
BuzzFeed_Fake_89,BuzzFeed_Fake_20,5
BuzzFeed_Fake_89,BuzzFeed_Fake_25,7
BuzzFeed_Fake_89,BuzzFeed_Fake_53,10
BuzzFeed_Fake_89,BuzzFeed_Fake_21,18
BuzzFeed_Fake_89,BuzzFeed_Real_8,2
BuzzFeed_Fake_89,BuzzFeed_Real_29,1
BuzzFeed_Fake_89,BuzzFeed_Real_37,1
BuzzFeed_Fake_89,BuzzFeed_Real_43,9
BuzzFeed_Fake_89,BuzzFeed_Real_77,2
BuzzFeed_Fake_89,BuzzFeed_Real_78,1
BuzzFeed_Fake_89,BuzzFeed_Real_89,3
BuzzFeed_Fake_89,BuzzFeed_Real_1,1
BuzzFeed_Fake_89,BuzzFeed_Fake_43,2
BuzzFeed_Fake_89,BuzzFeed_Fake_28,3
BuzzFeed_Fake_89,BuzzFeed_Fake_86,2
BuzzFeed_Fake_89,BuzzFeed_Real_61,1
BuzzFeed_Fake_89,BuzzFeed_Fake_81,1
BuzzFeed_Fake_89,BuzzFeed_Real_42,3
BuzzFeed_Fake_89,BuzzFeed_Real_28,3
BuzzFeed_Fake_89,BuzzFeed_Real_10,1
BuzzFeed_Fake_89,BuzzFeed_Real_41,1
BuzzFeed_Fake_89,BuzzFeed_Real_81,1
BuzzFeed_Fake_89,BuzzFeed_Fake_40,2
BuzzFeed_Fake_89,BuzzFeed_Real_35,1
BuzzFeed_Fake_89,BuzzFeed_Real_4,1
BuzzFeed_Fake_89,BuzzFeed_Fake_42,1
BuzzFeed_Fake_49,BuzzFeed_Fake_45,18
BuzzFeed_Fake_49,BuzzFeed_Fake_34,29
BuzzFeed_Fake_49,BuzzFeed_Fake_37,4
BuzzFeed_Fake_49,BuzzFeed_Fake_77,78
BuzzFeed_Fake_49,BuzzFeed_Fake_14,20
BuzzFeed_Fake_49,BuzzFeed_Fake_4,64
BuzzFeed_Fake_49,BuzzFeed_Fake_91,1
BuzzFeed_Fake_49,BuzzFeed_Fake_47,49
BuzzFeed_Fake_49,BuzzFeed_Real_89,7
BuzzFeed_Fake_49,BuzzFeed_Fake_7,19
BuzzFeed_Fake_49,BuzzFeed_Fake_10,5
BuzzFeed_Fake_49,BuzzFeed_Fake_50,20
BuzzFeed_Fake_49,BuzzFeed_Real_25,1
BuzzFeed_Fake_49,BuzzFeed_Real_30,1
BuzzFeed_Fake_49,BuzzFeed_Real_59,1
BuzzFeed_Fake_49,BuzzFeed_Real_87,2
BuzzFeed_Fake_49,BuzzFeed_Real_91,5
BuzzFeed_Fake_49,BuzzFeed_Fake_9,19
BuzzFeed_Fake_49,BuzzFeed_Fake_31,29
BuzzFeed_Fake_49,BuzzFeed_Fake_48,6
BuzzFeed_Fake_49,BuzzFeed_Real_10,1
BuzzFeed_Fake_49,BuzzFeed_Real_15,1
BuzzFeed_Fake_49,BuzzFeed_Real_41,1
BuzzFeed_Fake_49,BuzzFeed_Real_42,1
BuzzFeed_Fake_49,BuzzFeed_Fake_62,4
BuzzFeed_Fake_49,BuzzFeed_Fake_16,5
BuzzFeed_Fake_49,BuzzFeed_Fake_82,5
BuzzFeed_Fake_49,BuzzFeed_Real_45,1
BuzzFeed_Fake_49,BuzzFeed_Fake_36,3
BuzzFeed_Fake_49,BuzzFeed_Fake_56,4
BuzzFeed_Fake_49,BuzzFeed_Real_85,1
BuzzFeed_Fake_49,BuzzFeed_Fake_20,2
BuzzFeed_Fake_49,BuzzFeed_Fake_25,3
BuzzFeed_Fake_49,BuzzFeed_Fake_27,2
BuzzFeed_Fake_49,BuzzFeed_Fake_53,11
BuzzFeed_Fake_49,BuzzFeed_Fake_46,1
BuzzFeed_Fake_49,BuzzFeed_Real_8,3
BuzzFeed_Fake_49,BuzzFeed_Fake_8,2
BuzzFeed_Fake_49,BuzzFeed_Real_1,3
BuzzFeed_Fake_49,BuzzFeed_Real_17,1
BuzzFeed_Fake_49,BuzzFeed_Fake_13,5
BuzzFeed_Fake_49,BuzzFeed_Fake_39,5
BuzzFeed_Fake_49,BuzzFeed_Real_84,1
BuzzFeed_Fake_49,BuzzFeed_Fake_28,3
BuzzFeed_Fake_49,BuzzFeed_Fake_64,1
BuzzFeed_Fake_49,BuzzFeed_Real_46,1
BuzzFeed_Fake_49,BuzzFeed_Fake_85,1
BuzzFeed_Fake_49,BuzzFeed_Real_66,1
BuzzFeed_Fake_49,BuzzFeed_Real_24,1
BuzzFeed_Fake_49,BuzzFeed_Real_47,1
BuzzFeed_Fake_49,BuzzFeed_Fake_6,1
BuzzFeed_Fake_49,BuzzFeed_Fake_17,1
BuzzFeed_Fake_49,BuzzFeed_Fake_40,2
BuzzFeed_Fake_49,BuzzFeed_Fake_86,1
BuzzFeed_Fake_80,BuzzFeed_Real_5,2
BuzzFeed_Fake_80,BuzzFeed_Real_6,2
BuzzFeed_Fake_80,BuzzFeed_Real_89,5
BuzzFeed_Fake_80,BuzzFeed_Fake_14,13
BuzzFeed_Fake_80,BuzzFeed_Fake_4,37
BuzzFeed_Fake_80,BuzzFeed_Fake_18,19
BuzzFeed_Fake_80,BuzzFeed_Fake_51,23
BuzzFeed_Fake_80,BuzzFeed_Real_58,5
BuzzFeed_Fake_80,BuzzFeed_Real_91,5
BuzzFeed_Fake_80,BuzzFeed_Fake_48,5
BuzzFeed_Fake_80,BuzzFeed_Fake_77,42
BuzzFeed_Fake_80,BuzzFeed_Fake_78,32
BuzzFeed_Fake_80,BuzzFeed_Fake_35,31
BuzzFeed_Fake_80,BuzzFeed_Fake_19,19
BuzzFeed_Fake_80,BuzzFeed_Fake_29,4
BuzzFeed_Fake_80,BuzzFeed_Real_8,2
BuzzFeed_Fake_80,BuzzFeed_Real_20,1
BuzzFeed_Fake_80,BuzzFeed_Real_25,1
BuzzFeed_Fake_80,BuzzFeed_Real_46,1
BuzzFeed_Fake_80,BuzzFeed_Real_49,1
BuzzFeed_Fake_80,BuzzFeed_Real_55,1
BuzzFeed_Fake_80,BuzzFeed_Real_59,1
BuzzFeed_Fake_80,BuzzFeed_Real_77,2
BuzzFeed_Fake_80,BuzzFeed_Real_78,2
BuzzFeed_Fake_80,BuzzFeed_Fake_5,6
BuzzFeed_Fake_80,BuzzFeed_Fake_36,3
BuzzFeed_Fake_80,BuzzFeed_Real_72,3
BuzzFeed_Fake_80,BuzzFeed_Fake_72,8
BuzzFeed_Fake_80,BuzzFeed_Fake_62,1
BuzzFeed_Fake_80,BuzzFeed_Fake_11,3
BuzzFeed_Fake_80,BuzzFeed_Fake_16,5
BuzzFeed_Fake_80,BuzzFeed_Fake_20,3
BuzzFeed_Fake_80,BuzzFeed_Fake_71,5
BuzzFeed_Fake_80,BuzzFeed_Fake_21,7
BuzzFeed_Fake_80,BuzzFeed_Real_1,1
BuzzFeed_Fake_80,BuzzFeed_Fake_32,1
BuzzFeed_Fake_80,BuzzFeed_Fake_37,1
BuzzFeed_Fake_80,BuzzFeed_Real_28,2
BuzzFeed_Fake_80,BuzzFeed_Fake_83,1
BuzzFeed_Fake_80,BuzzFeed_Fake_8,2
BuzzFeed_Fake_80,BuzzFeed_Real_4,1
BuzzFeed_Fake_45,BuzzFeed_Fake_77,7
BuzzFeed_Fake_45,BuzzFeed_Fake_4,6
BuzzFeed_Fake_45,BuzzFeed_Fake_9,4
BuzzFeed_Fake_45,BuzzFeed_Fake_31,9
BuzzFeed_Fake_45,BuzzFeed_Fake_34,6
BuzzFeed_Fake_45,BuzzFeed_Fake_35,10
BuzzFeed_Fake_45,BuzzFeed_Fake_72,3
BuzzFeed_Fake_45,BuzzFeed_Fake_78,10
BuzzFeed_Fake_45,BuzzFeed_Fake_48,3
BuzzFeed_Fake_45,BuzzFeed_Fake_71,4
BuzzFeed_Fake_45,BuzzFeed_Fake_47,8
BuzzFeed_Fake_45,BuzzFeed_Real_42,1
BuzzFeed_Fake_45,BuzzFeed_Fake_16,2
BuzzFeed_Fake_45,BuzzFeed_Fake_46,1
BuzzFeed_Fake_45,BuzzFeed_Real_58,3
BuzzFeed_Fake_45,BuzzFeed_Fake_18,1
BuzzFeed_Fake_45,BuzzFeed_Fake_30,1
BuzzFeed_Fake_45,BuzzFeed_Fake_62,1
BuzzFeed_Fake_45,BuzzFeed_Fake_32,2
BuzzFeed_Fake_45,BuzzFeed_Fake_54,2
BuzzFeed_Fake_45,BuzzFeed_Real_72,1
BuzzFeed_Fake_45,BuzzFeed_Fake_13,2
BuzzFeed_Fake_45,BuzzFeed_Fake_17,1
BuzzFeed_Fake_45,BuzzFeed_Real_32,4
BuzzFeed_Fake_45,BuzzFeed_Fake_14,2
BuzzFeed_Fake_45,BuzzFeed_Fake_69,1
BuzzFeed_Fake_45,BuzzFeed_Real_77,1
BuzzFeed_Fake_45,BuzzFeed_Fake_7,2
BuzzFeed_Fake_45,BuzzFeed_Fake_15,2
BuzzFeed_Fake_45,BuzzFeed_Fake_40,1
BuzzFeed_Fake_57,BuzzFeed_Fake_4,20
BuzzFeed_Fake_57,BuzzFeed_Fake_56,7
BuzzFeed_Fake_57,BuzzFeed_Fake_29,4
BuzzFeed_Fake_57,BuzzFeed_Fake_47,17
BuzzFeed_Fake_57,BuzzFeed_Fake_53,4
BuzzFeed_Fake_57,BuzzFeed_Fake_2,9
BuzzFeed_Fake_57,BuzzFeed_Fake_31,13
BuzzFeed_Fake_57,BuzzFeed_Fake_35,26
BuzzFeed_Fake_57,BuzzFeed_Fake_72,3
BuzzFeed_Fake_57,BuzzFeed_Fake_78,9
BuzzFeed_Fake_57,BuzzFeed_Fake_84,1
BuzzFeed_Fake_57,BuzzFeed_Fake_19,9
BuzzFeed_Fake_57,BuzzFeed_Fake_90,16
BuzzFeed_Fake_57,BuzzFeed_Real_29,1
BuzzFeed_Fake_57,BuzzFeed_Real_37,1
BuzzFeed_Fake_57,BuzzFeed_Real_43,4
BuzzFeed_Fake_57,BuzzFeed_Real_59,1
BuzzFeed_Fake_57,BuzzFeed_Real_77,1
BuzzFeed_Fake_57,BuzzFeed_Real_78,1
BuzzFeed_Fake_57,BuzzFeed_Real_87,1
BuzzFeed_Fake_57,BuzzFeed_Real_91,2
BuzzFeed_Fake_57,BuzzFeed_Fake_5,1
BuzzFeed_Fake_57,BuzzFeed_Fake_11,2
BuzzFeed_Fake_57,BuzzFeed_Fake_82,2
BuzzFeed_Fake_57,BuzzFeed_Fake_6,1
BuzzFeed_Fake_57,BuzzFeed_Fake_42,1
BuzzFeed_Fake_57,BuzzFeed_Fake_52,2
BuzzFeed_Real_7,BuzzFeed_Real_46,6
BuzzFeed_Real_7,BuzzFeed_Real_89,6
BuzzFeed_Real_7,BuzzFeed_Real_91,4
BuzzFeed_Real_7,BuzzFeed_Real_3,36
BuzzFeed_Real_7,BuzzFeed_Real_5,41
BuzzFeed_Real_7,BuzzFeed_Real_9,34
BuzzFeed_Real_7,BuzzFeed_Real_71,38
BuzzFeed_Real_7,BuzzFeed_Real_73,38
BuzzFeed_Real_7,BuzzFeed_Real_80,42
BuzzFeed_Real_7,BuzzFeed_Real_66,20
BuzzFeed_Real_7,BuzzFeed_Fake_82,1
BuzzFeed_Real_7,BuzzFeed_Fake_90,1
BuzzFeed_Real_7,BuzzFeed_Real_16,4
BuzzFeed_Real_7,BuzzFeed_Real_13,3
BuzzFeed_Real_7,BuzzFeed_Real_48,2
BuzzFeed_Real_7,BuzzFeed_Real_41,2
BuzzFeed_Real_7,BuzzFeed_Real_62,2
BuzzFeed_Real_7,BuzzFeed_Real_84,2
BuzzFeed_Real_7,BuzzFeed_Real_29,3
BuzzFeed_Real_7,BuzzFeed_Real_72,2
BuzzFeed_Real_7,BuzzFeed_Real_10,2
BuzzFeed_Real_7,BuzzFeed_Real_18,1
BuzzFeed_Real_7,BuzzFeed_Real_27,1
BuzzFeed_Real_7,BuzzFeed_Real_30,1
BuzzFeed_Real_7,BuzzFeed_Real_37,1
BuzzFeed_Real_7,BuzzFeed_Real_59,1
BuzzFeed_Real_7,BuzzFeed_Real_68,1
BuzzFeed_Real_7,BuzzFeed_Real_69,1
BuzzFeed_Real_7,BuzzFeed_Real_81,1
BuzzFeed_Real_7,BuzzFeed_Real_83,1
BuzzFeed_Real_46,BuzzFeed_Real_89,8
BuzzFeed_Real_46,BuzzFeed_Real_15,4
BuzzFeed_Real_46,BuzzFeed_Real_50,7
BuzzFeed_Real_46,BuzzFeed_Real_86,3
BuzzFeed_Real_46,BuzzFeed_Real_10,11
BuzzFeed_Real_46,BuzzFeed_Real_42,24
BuzzFeed_Real_46,BuzzFeed_Real_72,28
BuzzFeed_Real_46,BuzzFeed_Real_9,1
BuzzFeed_Real_46,BuzzFeed_Real_16,2
BuzzFeed_Real_46,BuzzFeed_Real_80,7
BuzzFeed_Real_46,BuzzFeed_Real_82,1
BuzzFeed_Real_46,BuzzFeed_Real_6,16
BuzzFeed_Real_46,BuzzFeed_Real_18,12
BuzzFeed_Real_46,BuzzFeed_Real_30,11
BuzzFeed_Real_46,BuzzFeed_Real_77,13
BuzzFeed_Real_46,BuzzFeed_Real_78,12
BuzzFeed_Real_46,BuzzFeed_Real_87,16
BuzzFeed_Real_46,BuzzFeed_Real_19,10
BuzzFeed_Real_46,BuzzFeed_Real_20,9
BuzzFeed_Real_46,BuzzFeed_Real_25,6
BuzzFeed_Real_46,BuzzFeed_Real_29,11
BuzzFeed_Real_46,BuzzFeed_Real_37,6
BuzzFeed_Real_46,BuzzFeed_Real_43,1
BuzzFeed_Real_46,BuzzFeed_Real_49,6
BuzzFeed_Real_46,BuzzFeed_Real_55,12
BuzzFeed_Real_46,BuzzFeed_Real_59,8
BuzzFeed_Real_46,BuzzFeed_Fake_9,2
BuzzFeed_Real_46,BuzzFeed_Fake_34,3
BuzzFeed_Real_46,BuzzFeed_Fake_56,2
BuzzFeed_Real_46,BuzzFeed_Real_52,4
BuzzFeed_Real_46,BuzzFeed_Real_27,8
BuzzFeed_Real_46,BuzzFeed_Real_70,10
BuzzFeed_Real_46,BuzzFeed_Real_62,5
BuzzFeed_Real_46,BuzzFeed_Real_73,3
BuzzFeed_Real_46,BuzzFeed_Real_40,4
BuzzFeed_Real_46,BuzzFeed_Fake_2,2
BuzzFeed_Real_46,BuzzFeed_Fake_7,1
BuzzFeed_Real_46,BuzzFeed_Fake_15,1
BuzzFeed_Real_46,BuzzFeed_Fake_33,1
BuzzFeed_Real_46,BuzzFeed_Fake_60,1
BuzzFeed_Real_46,BuzzFeed_Real_17,1
BuzzFeed_Real_46,BuzzFeed_Real_51,1
BuzzFeed_Real_46,BuzzFeed_Real_71,1
BuzzFeed_Real_89,BuzzFeed_Real_30,15
BuzzFeed_Real_89,BuzzFeed_Fake_84,2
BuzzFeed_Real_89,BuzzFeed_Real_32,27
BuzzFeed_Real_89,BuzzFeed_Real_42,16
BuzzFeed_Real_89,BuzzFeed_Fake_69,2
BuzzFeed_Real_89,BuzzFeed_Real_87,21
BuzzFeed_Real_89,BuzzFeed_Real_25,7
BuzzFeed_Real_89,BuzzFeed_Real_29,6
BuzzFeed_Real_89,BuzzFeed_Real_49,10
BuzzFeed_Real_89,BuzzFeed_Real_55,9
BuzzFeed_Real_89,BuzzFeed_Real_59,5
BuzzFeed_Real_89,BuzzFeed_Fake_30,1
BuzzFeed_Real_89,BuzzFeed_Fake_35,4
BuzzFeed_Real_89,BuzzFeed_Fake_78,1
BuzzFeed_Real_89,BuzzFeed_Real_16,1
BuzzFeed_Real_89,BuzzFeed_Real_80,4
BuzzFeed_Real_89,BuzzFeed_Fake_4,2
BuzzFeed_Real_89,BuzzFeed_Real_45,4
BuzzFeed_Real_89,BuzzFeed_Real_83,10
BuzzFeed_Real_89,BuzzFeed_Real_65,8
BuzzFeed_Real_89,BuzzFeed_Fake_5,2
BuzzFeed_Real_89,BuzzFeed_Fake_9,3
BuzzFeed_Real_89,BuzzFeed_Fake_19,1
BuzzFeed_Real_89,BuzzFeed_Fake_36,1
BuzzFeed_Real_89,BuzzFeed_Fake_50,1
BuzzFeed_Real_89,BuzzFeed_Fake_56,1
BuzzFeed_Real_89,BuzzFeed_Fake_90,2
BuzzFeed_Real_89,BuzzFeed_Real_52,3
BuzzFeed_Real_89,BuzzFeed_Real_72,10
BuzzFeed_Real_89,BuzzFeed_Real_13,3
BuzzFeed_Real_89,BuzzFeed_Real_50,4
BuzzFeed_Real_89,BuzzFeed_Real_69,4
BuzzFeed_Real_89,BuzzFeed_Fake_77,3
BuzzFeed_Real_89,BuzzFeed_Real_62,3
BuzzFeed_Real_89,BuzzFeed_Fake_51,2
BuzzFeed_Real_89,BuzzFeed_Real_82,1
BuzzFeed_Real_89,BuzzFeed_Real_58,1
BuzzFeed_Real_89,BuzzFeed_Real_85,3
BuzzFeed_Real_89,BuzzFeed_Real_73,3
BuzzFeed_Real_89,BuzzFeed_Fake_41,1
BuzzFeed_Real_89,BuzzFeed_Fake_63,1
BuzzFeed_Real_89,BuzzFeed_Real_28,1
BuzzFeed_Real_89,BuzzFeed_Fake_7,1
BuzzFeed_Real_89,BuzzFeed_Fake_10,1
BuzzFeed_Real_89,BuzzFeed_Fake_15,1
BuzzFeed_Real_89,BuzzFeed_Fake_18,1
BuzzFeed_Real_89,BuzzFeed_Real_2,1
BuzzFeed_Real_89,BuzzFeed_Real_3,1
BuzzFeed_Real_89,BuzzFeed_Real_34,1
BuzzFeed_Real_89,BuzzFeed_Real_51,1
BuzzFeed_Real_91,BuzzFeed_Real_72,26
BuzzFeed_Real_91,BuzzFeed_Real_71,3
BuzzFeed_Real_91,BuzzFeed_Real_83,11
BuzzFeed_Real_91,BuzzFeed_Real_32,20
BuzzFeed_Real_91,BuzzFeed_Real_18,14
BuzzFeed_Real_91,BuzzFeed_Real_19,13
BuzzFeed_Real_91,BuzzFeed_Real_20,11
BuzzFeed_Real_91,BuzzFeed_Real_30,11
BuzzFeed_Real_91,BuzzFeed_Real_55,12
BuzzFeed_Real_91,BuzzFeed_Real_59,9
BuzzFeed_Real_91,BuzzFeed_Fake_50,2
BuzzFeed_Real_91,BuzzFeed_Fake_77,3
BuzzFeed_Real_91,BuzzFeed_Fake_78,1
BuzzFeed_Real_91,BuzzFeed_Real_57,6
BuzzFeed_Real_91,BuzzFeed_Real_64,5
BuzzFeed_Real_91,BuzzFeed_Real_66,7
BuzzFeed_Real_91,BuzzFeed_Real_31,14
BuzzFeed_Real_91,BuzzFeed_Real_62,5
BuzzFeed_Real_91,BuzzFeed_Real_84,7
BuzzFeed_Real_91,BuzzFeed_Real_16,3
BuzzFeed_Real_91,BuzzFeed_Real_80,5
BuzzFeed_Real_91,BuzzFeed_Fake_5,1
BuzzFeed_Real_91,BuzzFeed_Fake_35,2
BuzzFeed_Real_91,BuzzFeed_Fake_47,1
BuzzFeed_Real_91,BuzzFeed_Fake_90,2
BuzzFeed_Real_91,BuzzFeed_Real_56,2
BuzzFeed_Real_91,BuzzFeed_Fake_62,2
BuzzFeed_Real_91,BuzzFeed_Fake_2,3
BuzzFeed_Real_91,BuzzFeed_Real_10,12
BuzzFeed_Real_91,BuzzFeed_Real_70,10
BuzzFeed_Real_91,BuzzFeed_Fake_23,1
BuzzFeed_Real_91,BuzzFeed_Fake_18,3
BuzzFeed_Real_91,BuzzFeed_Real_21,6
BuzzFeed_Real_91,BuzzFeed_Real_69,5
BuzzFeed_Real_91,BuzzFeed_Fake_66,2
BuzzFeed_Real_91,BuzzFeed_Real_13,4
BuzzFeed_Real_91,BuzzFeed_Real_2,3
BuzzFeed_Real_91,BuzzFeed_Real_53,1
BuzzFeed_Real_91,BuzzFeed_Real_54,1
BuzzFeed_Real_91,BuzzFeed_Fake_60,1
BuzzFeed_Real_91,BuzzFeed_Real_82,2
BuzzFeed_Real_91,BuzzFeed_Fake_14,2
BuzzFeed_Real_91,BuzzFeed_Real_28,1
BuzzFeed_Real_91,BuzzFeed_Real_35,1
BuzzFeed_Real_91,BuzzFeed_Fake_15,1
BuzzFeed_Real_91,BuzzFeed_Fake_21,1
BuzzFeed_Real_91,BuzzFeed_Real_17,1
BuzzFeed_Real_32,BuzzFeed_Fake_69,6
BuzzFeed_Real_32,BuzzFeed_Fake_2,16
BuzzFeed_Real_32,BuzzFeed_Real_3,2
BuzzFeed_Real_32,BuzzFeed_Real_5,3
BuzzFeed_Real_32,BuzzFeed_Real_44,5
BuzzFeed_Real_32,BuzzFeed_Real_50,2
BuzzFeed_Real_32,BuzzFeed_Real_86,2
BuzzFeed_Real_32,BuzzFeed_Fake_82,1
BuzzFeed_Real_32,BuzzFeed_Fake_90,15
BuzzFeed_Real_32,BuzzFeed_Real_18,9
BuzzFeed_Real_32,BuzzFeed_Real_52,6
BuzzFeed_Real_32,BuzzFeed_Real_55,9
BuzzFeed_Real_32,BuzzFeed_Real_81,9
BuzzFeed_Real_32,BuzzFeed_Fake_48,1
BuzzFeed_Real_32,BuzzFeed_Fake_50,8
BuzzFeed_Real_32,BuzzFeed_Fake_51,8
BuzzFeed_Real_32,BuzzFeed_Fake_78,6
BuzzFeed_Real_32,BuzzFeed_Fake_31,12
BuzzFeed_Real_32,BuzzFeed_Fake_47,16
BuzzFeed_Real_32,BuzzFeed_Real_72,9
BuzzFeed_Real_32,BuzzFeed_Real_10,8
BuzzFeed_Real_32,BuzzFeed_Fake_84,3
BuzzFeed_Real_32,BuzzFeed_Fake_16,3
BuzzFeed_Real_32,BuzzFeed_Fake_36,5
BuzzFeed_Real_32,BuzzFeed_Fake_52,1
BuzzFeed_Real_32,BuzzFeed_Fake_15,8
BuzzFeed_Real_32,BuzzFeed_Fake_18,10
BuzzFeed_Real_32,BuzzFeed_Fake_22,7
BuzzFeed_Real_32,BuzzFeed_Real_21,2
BuzzFeed_Real_32,BuzzFeed_Real_77,9
BuzzFeed_Real_32,BuzzFeed_Real_83,9
BuzzFeed_Real_32,BuzzFeed_Real_16,1
BuzzFeed_Real_32,BuzzFeed_Real_8,3
BuzzFeed_Real_32,BuzzFeed_Real_19,8
BuzzFeed_Real_32,BuzzFeed_Real_29,6
BuzzFeed_Real_32,BuzzFeed_Real_37,4
BuzzFeed_Real_32,BuzzFeed_Real_43,3
BuzzFeed_Real_32,BuzzFeed_Real_59,5
BuzzFeed_Real_32,BuzzFeed_Fake_19,3
BuzzFeed_Real_32,BuzzFeed_Fake_56,5
BuzzFeed_Real_32,BuzzFeed_Real_64,2
BuzzFeed_Real_32,BuzzFeed_Real_27,5
BuzzFeed_Real_32,BuzzFeed_Real_70,6
BuzzFeed_Real_32,BuzzFeed_Real_84,5
BuzzFeed_Real_32,BuzzFeed_Fake_71,4
BuzzFeed_Real_32,BuzzFeed_Fake_83,3
BuzzFeed_Real_32,BuzzFeed_Real_69,4
BuzzFeed_Real_32,BuzzFeed_Real_14,1
BuzzFeed_Real_32,BuzzFeed_Real_26,1
BuzzFeed_Real_32,BuzzFeed_Real_58,1
BuzzFeed_Real_32,BuzzFeed_Fake_74,1
BuzzFeed_Real_32,BuzzFeed_Fake_88,1
BuzzFeed_Real_32,BuzzFeed_Fake_10,2
BuzzFeed_Real_32,BuzzFeed_Real_40,2
BuzzFeed_Real_32,BuzzFeed_Fake_72,2
BuzzFeed_Real_32,BuzzFeed_Real_13,6
BuzzFeed_Real_32,BuzzFeed_Real_61,2
BuzzFeed_Real_32,BuzzFeed_Real_24,1
BuzzFeed_Real_32,BuzzFeed_Real_28,1
BuzzFeed_Real_32,BuzzFeed_Real_88,1
BuzzFeed_Real_32,BuzzFeed_Fake_17,1
BuzzFeed_Real_32,BuzzFeed_Real_34,2
BuzzFeed_Real_32,BuzzFeed_Fake_23,1
BuzzFeed_Real_32,BuzzFeed_Fake_33,1
BuzzFeed_Real_32,BuzzFeed_Real_51,1
BuzzFeed_Real_32,BuzzFeed_Real_57,1
BuzzFeed_Fake_69,BuzzFeed_Real_58,5
BuzzFeed_Fake_69,BuzzFeed_Fake_65,5
BuzzFeed_Fake_69,BuzzFeed_Fake_67,8
BuzzFeed_Fake_69,BuzzFeed_Fake_68,10
BuzzFeed_Fake_69,BuzzFeed_Fake_75,8
BuzzFeed_Fake_69,BuzzFeed_Fake_91,12
BuzzFeed_Fake_69,BuzzFeed_Real_45,3
BuzzFeed_Fake_69,BuzzFeed_Real_56,4
BuzzFeed_Fake_69,BuzzFeed_Real_72,1
BuzzFeed_Fake_69,BuzzFeed_Fake_84,10
BuzzFeed_Fake_69,BuzzFeed_Real_87,2
BuzzFeed_Fake_69,BuzzFeed_Real_33,8
BuzzFeed_Fake_69,BuzzFeed_Real_36,7
BuzzFeed_Fake_69,BuzzFeed_Fake_74,6
BuzzFeed_Fake_69,BuzzFeed_Fake_31,2
BuzzFeed_Fake_69,BuzzFeed_Fake_21,1
BuzzFeed_Fake_69,BuzzFeed_Fake_50,1
BuzzFeed_Fake_69,BuzzFeed_Fake_2,2
BuzzFeed_Fake_69,BuzzFeed_Real_10,1
BuzzFeed_Fake_69,BuzzFeed_Real_80,1
BuzzFeed_Fake_69,BuzzFeed_Real_81,1
BuzzFeed_Fake_69,BuzzFeed_Real_51,1
BuzzFeed_Fake_2,BuzzFeed_Fake_77,32
BuzzFeed_Fake_2,BuzzFeed_Real_72,6
BuzzFeed_Fake_2,BuzzFeed_Fake_52,7
BuzzFeed_Fake_2,BuzzFeed_Fake_84,6
BuzzFeed_Fake_2,BuzzFeed_Fake_14,8
BuzzFeed_Fake_2,BuzzFeed_Fake_9,11
BuzzFeed_Fake_2,BuzzFeed_Fake_90,21
BuzzFeed_Fake_2,BuzzFeed_Fake_35,21
BuzzFeed_Fake_2,BuzzFeed_Fake_78,18
BuzzFeed_Fake_2,BuzzFeed_Fake_81,4
BuzzFeed_Fake_2,BuzzFeed_Real_77,5
BuzzFeed_Fake_2,BuzzFeed_Fake_19,11
BuzzFeed_Fake_2,BuzzFeed_Real_58,6
BuzzFeed_Fake_2,BuzzFeed_Fake_7,12
BuzzFeed_Fake_2,BuzzFeed_Fake_20,2
BuzzFeed_Fake_2,BuzzFeed_Fake_25,3
BuzzFeed_Fake_2,BuzzFeed_Fake_27,1
BuzzFeed_Fake_2,BuzzFeed_Fake_83,3
BuzzFeed_Fake_2,BuzzFeed_Real_64,1
BuzzFeed_Fake_2,BuzzFeed_Fake_17,1
BuzzFeed_Fake_2,BuzzFeed_Fake_29,5
BuzzFeed_Fake_2,BuzzFeed_Fake_39,3
BuzzFeed_Fake_2,BuzzFeed_Fake_30,6
BuzzFeed_Fake_2,BuzzFeed_Fake_28,3
BuzzFeed_Fake_2,BuzzFeed_Fake_88,3
BuzzFeed_Fake_2,BuzzFeed_Fake_91,2
BuzzFeed_Fake_2,BuzzFeed_Real_36,1
BuzzFeed_Fake_2,BuzzFeed_Fake_65,1
BuzzFeed_Fake_2,BuzzFeed_Fake_73,1
BuzzFeed_Fake_2,BuzzFeed_Fake_74,1
BuzzFeed_Fake_2,BuzzFeed_Fake_85,1
BuzzFeed_Fake_2,BuzzFeed_Real_45,1
BuzzFeed_Fake_2,BuzzFeed_Real_42,2
BuzzFeed_Fake_2,BuzzFeed_Real_28,1
BuzzFeed_Fake_2,BuzzFeed_Real_35,1
BuzzFeed_Fake_77,BuzzFeed_Fake_90,44
BuzzFeed_Fake_77,BuzzFeed_Fake_52,11
BuzzFeed_Fake_77,BuzzFeed_Real_88,1
BuzzFeed_Fake_77,BuzzFeed_Real_3,1
BuzzFeed_Fake_77,BuzzFeed_Real_5,2
BuzzFeed_Fake_77,BuzzFeed_Real_66,1
BuzzFeed_Fake_77,BuzzFeed_Fake_15,21
BuzzFeed_Fake_77,BuzzFeed_Real_17,1
BuzzFeed_Fake_77,BuzzFeed_Real_23,1
BuzzFeed_Fake_77,BuzzFeed_Fake_13,8
BuzzFeed_Fake_77,BuzzFeed_Fake_39,8
BuzzFeed_Fake_77,BuzzFeed_Fake_51,23
BuzzFeed_Fake_77,BuzzFeed_Fake_78,24
BuzzFeed_Fake_77,BuzzFeed_Fake_9,21
BuzzFeed_Fake_77,BuzzFeed_Fake_34,23
BuzzFeed_Fake_77,BuzzFeed_Real_81,1
BuzzFeed_Fake_77,BuzzFeed_Fake_84,2
BuzzFeed_Fake_77,BuzzFeed_Real_73,1
BuzzFeed_Fake_77,BuzzFeed_Real_65,1
BuzzFeed_Fake_77,BuzzFeed_Fake_11,4
BuzzFeed_Fake_77,BuzzFeed_Fake_25,5
BuzzFeed_Fake_77,BuzzFeed_Real_6,1
BuzzFeed_Fake_77,BuzzFeed_Real_8,2
BuzzFeed_Fake_77,BuzzFeed_Fake_5,5
BuzzFeed_Fake_77,BuzzFeed_Fake_8,4
BuzzFeed_Fake_77,BuzzFeed_Fake_31,16
BuzzFeed_Fake_77,BuzzFeed_Real_77,1
BuzzFeed_Fake_77,BuzzFeed_Fake_88,1
BuzzFeed_Fake_77,BuzzFeed_Fake_29,7
BuzzFeed_Fake_77,BuzzFeed_Fake_41,2
BuzzFeed_Fake_77,BuzzFeed_Fake_30,13
BuzzFeed_Fake_77,BuzzFeed_Fake_33,1
BuzzFeed_Fake_77,BuzzFeed_Real_43,4
BuzzFeed_Fake_77,BuzzFeed_Fake_6,1
BuzzFeed_Fake_77,BuzzFeed_Real_13,2
BuzzFeed_Fake_77,BuzzFeed_Fake_42,1
BuzzFeed_Fake_77,BuzzFeed_Real_35,1
BuzzFeed_Real_23,BuzzFeed_Fake_59,6
BuzzFeed_Real_23,BuzzFeed_Real_57,82
BuzzFeed_Real_23,BuzzFeed_Real_66,76
BuzzFeed_Real_23,BuzzFeed_Real_5,15
BuzzFeed_Real_23,BuzzFeed_Real_17,14
BuzzFeed_Real_23,BuzzFeed_Real_42,33
BuzzFeed_Real_23,BuzzFeed_Real_44,8
BuzzFeed_Real_23,BuzzFeed_Real_13,18
BuzzFeed_Real_23,BuzzFeed_Real_10,11
BuzzFeed_Real_23,BuzzFeed_Real_16,2
BuzzFeed_Real_23,BuzzFeed_Real_41,13
BuzzFeed_Real_23,BuzzFeed_Real_86,8
BuzzFeed_Real_23,BuzzFeed_Real_21,11
BuzzFeed_Real_23,BuzzFeed_Real_9,12
BuzzFeed_Real_23,BuzzFeed_Real_38,6
BuzzFeed_Real_23,BuzzFeed_Real_71,7
BuzzFeed_Real_23,BuzzFeed_Real_78,3
BuzzFeed_Real_23,BuzzFeed_Real_87,10
BuzzFeed_Real_23,BuzzFeed_Real_18,6
BuzzFeed_Real_23,BuzzFeed_Real_83,4
BuzzFeed_Real_23,BuzzFeed_Real_37,2
BuzzFeed_Real_23,BuzzFeed_Real_48,6
BuzzFeed_Real_23,BuzzFeed_Real_22,2
BuzzFeed_Real_23,BuzzFeed_Fake_58,1
BuzzFeed_Real_23,BuzzFeed_Real_2,9
BuzzFeed_Real_23,BuzzFeed_Real_50,2
BuzzFeed_Real_23,BuzzFeed_Real_72,6
BuzzFeed_Real_23,BuzzFeed_Real_25,1
BuzzFeed_Real_23,BuzzFeed_Real_49,1
BuzzFeed_Real_23,BuzzFeed_Real_62,2
BuzzFeed_Real_23,BuzzFeed_Real_84,3
BuzzFeed_Real_23,BuzzFeed_Real_20,1
BuzzFeed_Real_23,BuzzFeed_Real_27,2
BuzzFeed_Real_23,BuzzFeed_Real_30,3
BuzzFeed_Real_23,BuzzFeed_Real_31,3
BuzzFeed_Real_23,BuzzFeed_Real_59,2
BuzzFeed_Real_23,BuzzFeed_Fake_33,2
BuzzFeed_Real_23,BuzzFeed_Real_69,1
BuzzFeed_Real_23,BuzzFeed_Fake_62,1
BuzzFeed_Real_45,BuzzFeed_Real_66,138
BuzzFeed_Real_45,BuzzFeed_Real_72,16
BuzzFeed_Real_45,BuzzFeed_Real_77,11
BuzzFeed_Real_45,BuzzFeed_Real_9,14
BuzzFeed_Real_45,BuzzFeed_Real_6,18
BuzzFeed_Real_45,BuzzFeed_Real_19,5
BuzzFeed_Real_45,BuzzFeed_Real_68,6
BuzzFeed_Real_45,BuzzFeed_Real_13,23
BuzzFeed_Real_45,BuzzFeed_Real_44,10
BuzzFeed_Real_45,BuzzFeed_Real_21,22
BuzzFeed_Real_45,BuzzFeed_Real_41,26
BuzzFeed_Real_45,BuzzFeed_Fake_62,1
BuzzFeed_Real_45,BuzzFeed_Real_3,7
BuzzFeed_Real_45,BuzzFeed_Real_17,14
BuzzFeed_Real_45,BuzzFeed_Real_34,9
BuzzFeed_Real_45,BuzzFeed_Real_51,8
BuzzFeed_Real_45,BuzzFeed_Real_71,8
BuzzFeed_Real_45,BuzzFeed_Real_38,3
BuzzFeed_Real_45,BuzzFeed_Fake_35,1
BuzzFeed_Real_45,BuzzFeed_Fake_36,1
BuzzFeed_Real_45,BuzzFeed_Real_18,6
BuzzFeed_Real_45,BuzzFeed_Real_83,5
BuzzFeed_Real_45,BuzzFeed_Real_8,3
BuzzFeed_Real_45,BuzzFeed_Fake_5,3
BuzzFeed_Real_45,BuzzFeed_Fake_34,6
BuzzFeed_Real_45,BuzzFeed_Real_27,3
BuzzFeed_Real_45,BuzzFeed_Real_29,2
BuzzFeed_Real_45,BuzzFeed_Real_31,3
BuzzFeed_Real_45,BuzzFeed_Real_70,4
BuzzFeed_Real_45,BuzzFeed_Real_25,1
BuzzFeed_Real_45,BuzzFeed_Real_49,1
BuzzFeed_Real_45,BuzzFeed_Real_69,1
BuzzFeed_Real_64,BuzzFeed_Real_66,140
BuzzFeed_Real_64,BuzzFeed_Real_73,128
BuzzFeed_Real_64,BuzzFeed_Real_13,14
BuzzFeed_Real_64,BuzzFeed_Real_2,5
BuzzFeed_Real_64,BuzzFeed_Real_5,7
BuzzFeed_Real_64,BuzzFeed_Real_9,6
BuzzFeed_Real_64,BuzzFeed_Real_44,7
BuzzFeed_Real_64,BuzzFeed_Real_10,10
BuzzFeed_Real_64,BuzzFeed_Real_21,13
BuzzFeed_Real_64,BuzzFeed_Real_41,9
BuzzFeed_Real_64,BuzzFeed_Real_31,4
BuzzFeed_Real_64,BuzzFeed_Real_37,2
BuzzFeed_Real_64,BuzzFeed_Real_54,1
BuzzFeed_Real_64,BuzzFeed_Real_68,3
BuzzFeed_Real_64,BuzzFeed_Real_74,1
BuzzFeed_Real_64,BuzzFeed_Real_79,1
BuzzFeed_Real_64,BuzzFeed_Fake_12,1
BuzzFeed_Real_64,BuzzFeed_Fake_66,1
BuzzFeed_Real_64,BuzzFeed_Real_17,7
BuzzFeed_Real_64,BuzzFeed_Real_34,4
BuzzFeed_Real_64,BuzzFeed_Real_50,2
BuzzFeed_Real_64,BuzzFeed_Real_6,6
BuzzFeed_Real_64,BuzzFeed_Real_19,3
BuzzFeed_Real_64,BuzzFeed_Real_27,2
BuzzFeed_Real_64,BuzzFeed_Real_29,3
BuzzFeed_Real_64,BuzzFeed_Real_30,3
BuzzFeed_Real_64,BuzzFeed_Real_59,2
BuzzFeed_Real_64,BuzzFeed_Real_65,3
BuzzFeed_Real_64,BuzzFeed_Real_70,3
BuzzFeed_Real_64,BuzzFeed_Real_81,3
BuzzFeed_Real_64,BuzzFeed_Real_84,2
BuzzFeed_Real_64,BuzzFeed_Real_83,3
BuzzFeed_Real_64,BuzzFeed_Real_62,1
BuzzFeed_Fake_71,BuzzFeed_Fake_50,4
BuzzFeed_Fake_71,BuzzFeed_Fake_78,4
BuzzFeed_Fake_71,BuzzFeed_Fake_7,5
BuzzFeed_Fake_71,BuzzFeed_Fake_15,5
BuzzFeed_Fake_71,BuzzFeed_Real_77,1
BuzzFeed_Fake_71,BuzzFeed_Fake_4,8
BuzzFeed_Fake_71,BuzzFeed_Fake_31,5
BuzzFeed_Fake_71,BuzzFeed_Fake_47,14
BuzzFeed_Fake_71,BuzzFeed_Fake_16,4
BuzzFeed_Fake_71,BuzzFeed_Fake_19,5
BuzzFeed_Fake_71,BuzzFeed_Real_28,1
BuzzFeed_Fake_71,BuzzFeed_Fake_29,4
BuzzFeed_Fake_71,BuzzFeed_Real_1,1
BuzzFeed_Fake_71,BuzzFeed_Fake_3,1
BuzzFeed_Fake_71,BuzzFeed_Fake_56,2
BuzzFeed_Fake_71,BuzzFeed_Real_65,1
BuzzFeed_Fake_71,BuzzFeed_Real_13,1
BuzzFeed_Fake_71,BuzzFeed_Real_44,1
BuzzFeed_Fake_71,BuzzFeed_Fake_30,2
BuzzFeed_Fake_71,BuzzFeed_Fake_41,1
BuzzFeed_Fake_71,BuzzFeed_Fake_40,2
BuzzFeed_Fake_71,BuzzFeed_Fake_52,2
BuzzFeed_Fake_71,BuzzFeed_Fake_72,2
BuzzFeed_Fake_71,BuzzFeed_Real_43,1
BuzzFeed_Fake_71,BuzzFeed_Fake_39,1
BuzzFeed_Real_42,BuzzFeed_Real_72,46
BuzzFeed_Real_42,BuzzFeed_Fake_23,1
BuzzFeed_Real_42,BuzzFeed_Fake_55,3
BuzzFeed_Real_42,BuzzFeed_Fake_60,4
BuzzFeed_Real_42,BuzzFeed_Real_21,50
BuzzFeed_Real_42,BuzzFeed_Real_41,69
BuzzFeed_Real_42,BuzzFeed_Real_9,59
BuzzFeed_Real_42,BuzzFeed_Real_51,48
BuzzFeed_Real_42,BuzzFeed_Real_71,44
BuzzFeed_Real_42,BuzzFeed_Real_77,28
BuzzFeed_Real_42,BuzzFeed_Real_66,41
BuzzFeed_Real_42,BuzzFeed_Real_17,27
BuzzFeed_Real_42,BuzzFeed_Real_15,35
BuzzFeed_Real_42,BuzzFeed_Real_81,20
BuzzFeed_Real_42,BuzzFeed_Real_37,6
BuzzFeed_Real_42,BuzzFeed_Real_52,7
BuzzFeed_Real_42,BuzzFeed_Real_48,7
BuzzFeed_Real_42,BuzzFeed_Real_62,7
BuzzFeed_Real_42,BuzzFeed_Fake_48,1
BuzzFeed_Real_42,BuzzFeed_Real_38,13
BuzzFeed_Real_42,BuzzFeed_Real_16,9
BuzzFeed_Real_42,BuzzFeed_Real_75,16
BuzzFeed_Real_42,BuzzFeed_Real_31,15
BuzzFeed_Real_42,BuzzFeed_Real_54,2
BuzzFeed_Real_42,BuzzFeed_Real_74,1
BuzzFeed_Real_42,BuzzFeed_Real_79,2
BuzzFeed_Real_42,BuzzFeed_Fake_12,2
BuzzFeed_Real_42,BuzzFeed_Fake_76,2
BuzzFeed_Real_42,BuzzFeed_Real_78,17
BuzzFeed_Real_42,BuzzFeed_Real_83,9
BuzzFeed_Real_42,BuzzFeed_Real_29,12
BuzzFeed_Real_42,BuzzFeed_Real_20,11
BuzzFeed_Real_42,BuzzFeed_Real_25,5
BuzzFeed_Real_42,BuzzFeed_Real_65,11
BuzzFeed_Real_42,BuzzFeed_Real_84,7
BuzzFeed_Real_42,BuzzFeed_Fake_82,1
BuzzFeed_Real_42,BuzzFeed_Real_53,2
BuzzFeed_Real_42,BuzzFeed_Fake_9,1
BuzzFeed_Real_42,BuzzFeed_Fake_30,1
BuzzFeed_Real_42,BuzzFeed_Fake_34,2
BuzzFeed_Real_42,BuzzFeed_Fake_58,2
BuzzFeed_Real_42,BuzzFeed_Fake_61,1
BuzzFeed_Real_42,BuzzFeed_Fake_81,1
BuzzFeed_Real_42,BuzzFeed_Fake_83,1
BuzzFeed_Real_42,BuzzFeed_Fake_84,1
BuzzFeed_Real_42,BuzzFeed_Fake_91,1
BuzzFeed_Real_42,BuzzFeed_Fake_4,1
BuzzFeed_Real_42,BuzzFeed_Fake_18,1
BuzzFeed_Real_42,BuzzFeed_Fake_31,1
BuzzFeed_Real_42,BuzzFeed_Fake_90,1
BuzzFeed_Real_60,BuzzFeed_Real_87,2
BuzzFeed_Real_60,BuzzFeed_Fake_44,6
BuzzFeed_Real_60,BuzzFeed_Fake_55,3
BuzzFeed_Real_60,BuzzFeed_Real_74,1
BuzzFeed_Real_60,BuzzFeed_Real_76,1
BuzzFeed_Real_60,BuzzFeed_Fake_1,1
BuzzFeed_Real_72,BuzzFeed_Real_87,31
BuzzFeed_Real_72,BuzzFeed_Fake_60,6
BuzzFeed_Real_72,BuzzFeed_Fake_51,1
BuzzFeed_Real_72,BuzzFeed_Real_31,16
BuzzFeed_Real_72,BuzzFeed_Real_71,4
BuzzFeed_Real_72,BuzzFeed_Fake_62,10
BuzzFeed_Real_72,BuzzFeed_Real_10,25
BuzzFeed_Real_72,BuzzFeed_Real_21,9
BuzzFeed_Real_72,BuzzFeed_Real_2,10
BuzzFeed_Real_72,BuzzFeed_Real_5,8
BuzzFeed_Real_72,BuzzFeed_Real_66,11
BuzzFeed_Real_72,BuzzFeed_Fake_48,1
BuzzFeed_Real_72,BuzzFeed_Real_6,14
BuzzFeed_Real_72,BuzzFeed_Fake_72,1
BuzzFeed_Real_72,BuzzFeed_Real_52,4
BuzzFeed_Real_72,BuzzFeed_Real_55,12
BuzzFeed_Real_72,BuzzFeed_Real_25,6
BuzzFeed_Real_72,BuzzFeed_Real_27,10
BuzzFeed_Real_72,BuzzFeed_Real_29,12
BuzzFeed_Real_72,BuzzFeed_Real_30,9
BuzzFeed_Real_72,BuzzFeed_Real_44,3
BuzzFeed_Real_72,BuzzFeed_Real_49,6
BuzzFeed_Real_72,BuzzFeed_Real_65,10
BuzzFeed_Real_72,BuzzFeed_Real_70,12
BuzzFeed_Real_72,BuzzFeed_Real_43,1
BuzzFeed_Real_72,BuzzFeed_Fake_17,2
BuzzFeed_Real_72,BuzzFeed_Fake_19,2
BuzzFeed_Real_72,BuzzFeed_Fake_22,1
BuzzFeed_Real_72,BuzzFeed_Fake_39,2
BuzzFeed_Real_72,BuzzFeed_Fake_78,1
BuzzFeed_Real_72,BuzzFeed_Real_39,1
BuzzFeed_Real_72,BuzzFeed_Real_3,2
BuzzFeed_Real_72,BuzzFeed_Real_57,9
BuzzFeed_Real_72,BuzzFeed_Real_86,2
BuzzFeed_Real_72,BuzzFeed_Real_40,2
BuzzFeed_Real_72,BuzzFeed_Real_73,4
BuzzFeed_Real_72,BuzzFeed_Real_84,8
BuzzFeed_Real_72,BuzzFeed_Real_12,3
BuzzFeed_Real_72,BuzzFeed_Real_62,6
BuzzFeed_Real_72,BuzzFeed_Real_22,3
BuzzFeed_Real_72,BuzzFeed_Real_13,2
BuzzFeed_Real_72,BuzzFeed_Real_85,2
BuzzFeed_Real_72,BuzzFeed_Fake_47,1
BuzzFeed_Real_72,BuzzFeed_Fake_84,2
BuzzFeed_Real_72,BuzzFeed_Fake_66,5
BuzzFeed_Real_72,BuzzFeed_Real_1,1
BuzzFeed_Real_72,BuzzFeed_Fake_6,1
BuzzFeed_Real_72,BuzzFeed_Fake_7,1
BuzzFeed_Real_72,BuzzFeed_Fake_11,1
BuzzFeed_Real_72,BuzzFeed_Real_79,1
BuzzFeed_Real_72,BuzzFeed_Fake_61,1
BuzzFeed_Real_87,BuzzFeed_Fake_55,1
BuzzFeed_Real_87,BuzzFeed_Fake_60,3
BuzzFeed_Real_87,BuzzFeed_Real_31,16
BuzzFeed_Real_87,BuzzFeed_Real_56,2
BuzzFeed_Real_87,BuzzFeed_Fake_59,17
BuzzFeed_Real_87,BuzzFeed_Fake_63,5
BuzzFeed_Real_87,BuzzFeed_Real_6,20
BuzzFeed_Real_87,BuzzFeed_Real_18,27
BuzzFeed_Real_87,BuzzFeed_Real_20,12
BuzzFeed_Real_87,BuzzFeed_Real_25,8
BuzzFeed_Real_87,BuzzFeed_Real_29,18
BuzzFeed_Real_87,BuzzFeed_Real_37,9
BuzzFeed_Real_87,BuzzFeed_Real_59,9
BuzzFeed_Real_87,BuzzFeed_Real_81,24
BuzzFeed_Real_87,BuzzFeed_Real_12,9
BuzzFeed_Real_87,BuzzFeed_Fake_61,2
BuzzFeed_Real_87,BuzzFeed_Real_65,15
BuzzFeed_Real_87,BuzzFeed_Fake_90,2
BuzzFeed_Real_87,BuzzFeed_Real_10,16
BuzzFeed_Real_87,BuzzFeed_Real_41,10
BuzzFeed_Real_87,BuzzFeed_Real_77,13
BuzzFeed_Real_87,BuzzFeed_Fake_5,1
BuzzFeed_Real_87,BuzzFeed_Fake_19,1
BuzzFeed_Real_87,BuzzFeed_Fake_31,1
BuzzFeed_Real_87,BuzzFeed_Fake_34,1
BuzzFeed_Real_87,BuzzFeed_Fake_47,1
BuzzFeed_Real_87,BuzzFeed_Fake_50,1
BuzzFeed_Real_87,BuzzFeed_Real_16,2
BuzzFeed_Real_87,BuzzFeed_Real_27,12
BuzzFeed_Real_87,BuzzFeed_Real_15,4
BuzzFeed_Real_87,BuzzFeed_Real_70,12
BuzzFeed_Real_87,BuzzFeed_Real_2,4
BuzzFeed_Real_87,BuzzFeed_Real_73,3
BuzzFeed_Real_87,BuzzFeed_Real_17,3
BuzzFeed_Real_87,BuzzFeed_Real_39,1
BuzzFeed_Real_87,BuzzFeed_Real_53,1
BuzzFeed_Real_87,BuzzFeed_Real_90,1
BuzzFeed_Real_87,BuzzFeed_Fake_64,4
BuzzFeed_Real_87,BuzzFeed_Real_40,1
BuzzFeed_Real_87,BuzzFeed_Fake_76,3
BuzzFeed_Real_87,BuzzFeed_Real_33,1
BuzzFeed_Real_87,BuzzFeed_Fake_81,1
BuzzFeed_Real_87,BuzzFeed_Real_34,1
BuzzFeed_Real_87,BuzzFeed_Real_50,1
BuzzFeed_Real_87,BuzzFeed_Real_86,1
BuzzFeed_Real_87,BuzzFeed_Fake_1,1
BuzzFeed_Fake_23,BuzzFeed_Fake_44,2
BuzzFeed_Fake_23,BuzzFeed_Fake_33,3
BuzzFeed_Fake_23,BuzzFeed_Fake_63,1
BuzzFeed_Fake_23,BuzzFeed_Fake_59,1
BuzzFeed_Fake_23,BuzzFeed_Fake_62,2
BuzzFeed_Fake_23,BuzzFeed_Real_76,1
BuzzFeed_Fake_23,BuzzFeed_Real_34,1
BuzzFeed_Fake_23,BuzzFeed_Real_90,1
BuzzFeed_Fake_44,BuzzFeed_Fake_55,4
BuzzFeed_Fake_44,BuzzFeed_Fake_76,5
BuzzFeed_Fake_44,BuzzFeed_Real_22,1
BuzzFeed_Fake_44,BuzzFeed_Fake_59,4
BuzzFeed_Fake_44,BuzzFeed_Real_76,3
BuzzFeed_Fake_44,BuzzFeed_Real_2,1
BuzzFeed_Fake_44,BuzzFeed_Real_57,1
BuzzFeed_Fake_44,BuzzFeed_Real_90,1
BuzzFeed_Fake_55,BuzzFeed_Fake_60,3
BuzzFeed_Fake_55,BuzzFeed_Real_5,1
BuzzFeed_Fake_55,BuzzFeed_Real_37,1
BuzzFeed_Fake_55,BuzzFeed_Real_54,1
BuzzFeed_Fake_55,BuzzFeed_Real_74,2
BuzzFeed_Fake_55,BuzzFeed_Fake_12,4
BuzzFeed_Fake_55,BuzzFeed_Fake_66,1
BuzzFeed_Fake_55,BuzzFeed_Fake_76,3
BuzzFeed_Fake_55,BuzzFeed_Fake_59,2
BuzzFeed_Fake_55,BuzzFeed_Real_16,1
BuzzFeed_Fake_55,BuzzFeed_Fake_63,1
BuzzFeed_Fake_55,BuzzFeed_Real_90,1
BuzzFeed_Fake_60,BuzzFeed_Fake_33,10
BuzzFeed_Fake_60,BuzzFeed_Fake_1,1
BuzzFeed_Fake_60,BuzzFeed_Fake_59,33
BuzzFeed_Fake_60,BuzzFeed_Real_6,3
BuzzFeed_Fake_60,BuzzFeed_Real_71,1
BuzzFeed_Fake_60,BuzzFeed_Fake_64,13
BuzzFeed_Fake_60,BuzzFeed_Real_79,3
BuzzFeed_Fake_60,BuzzFeed_Fake_61,13
BuzzFeed_Fake_60,BuzzFeed_Real_22,10
BuzzFeed_Fake_60,BuzzFeed_Real_76,3
BuzzFeed_Fake_60,BuzzFeed_Real_66,1
BuzzFeed_Fake_60,BuzzFeed_Real_56,1
BuzzFeed_Fake_60,BuzzFeed_Fake_76,4
BuzzFeed_Fake_60,BuzzFeed_Real_80,1
BuzzFeed_Fake_60,BuzzFeed_Real_10,1
BuzzFeed_Fake_60,BuzzFeed_Real_18,1
BuzzFeed_Fake_90,BuzzFeed_Real_3,1
BuzzFeed_Fake_90,BuzzFeed_Real_44,1
BuzzFeed_Fake_90,BuzzFeed_Real_66,1
BuzzFeed_Fake_90,BuzzFeed_Real_86,1
BuzzFeed_Fake_90,BuzzFeed_Fake_14,8
BuzzFeed_Fake_90,BuzzFeed_Fake_18,19
BuzzFeed_Fake_90,BuzzFeed_Fake_37,1
BuzzFeed_Fake_90,BuzzFeed_Fake_47,24
BuzzFeed_Fake_90,BuzzFeed_Fake_7,10
BuzzFeed_Fake_90,BuzzFeed_Fake_41,2
BuzzFeed_Fake_90,BuzzFeed_Fake_35,25
BuzzFeed_Fake_90,BuzzFeed_Fake_16,4
BuzzFeed_Fake_90,BuzzFeed_Fake_34,18
BuzzFeed_Fake_90,BuzzFeed_Real_85,1
BuzzFeed_Fake_90,BuzzFeed_Fake_31,14
BuzzFeed_Fake_90,BuzzFeed_Fake_9,8
BuzzFeed_Fake_90,BuzzFeed_Fake_11,4
BuzzFeed_Fake_90,BuzzFeed_Fake_20,4
BuzzFeed_Fake_90,BuzzFeed_Fake_25,1
BuzzFeed_Fake_90,BuzzFeed_Fake_51,13
BuzzFeed_Fake_90,BuzzFeed_Fake_52,5
BuzzFeed_Fake_90,BuzzFeed_Fake_62,1
BuzzFeed_Fake_90,BuzzFeed_Real_30,1
BuzzFeed_Fake_90,BuzzFeed_Real_37,1
BuzzFeed_Fake_90,BuzzFeed_Real_43,5
BuzzFeed_Fake_90,BuzzFeed_Real_59,1
BuzzFeed_Fake_90,BuzzFeed_Real_78,1
BuzzFeed_Fake_90,BuzzFeed_Fake_8,3
BuzzFeed_Fake_90,BuzzFeed_Fake_21,5
BuzzFeed_Fake_90,BuzzFeed_Fake_68,1
BuzzFeed_Fake_90,BuzzFeed_Fake_86,2
BuzzFeed_Fake_90,BuzzFeed_Fake_73,1
BuzzFeed_Fake_90,BuzzFeed_Fake_28,1
BuzzFeed_Fake_90,BuzzFeed_Fake_48,1
BuzzFeed_Fake_90,BuzzFeed_Fake_13,4
BuzzFeed_Fake_90,BuzzFeed_Fake_39,4
BuzzFeed_Fake_90,BuzzFeed_Fake_53,7
BuzzFeed_Fake_90,BuzzFeed_Fake_30,3
BuzzFeed_Fake_90,BuzzFeed_Real_10,1
BuzzFeed_Fake_90,BuzzFeed_Fake_40,1
BuzzFeed_Fake_90,BuzzFeed_Fake_42,1
BuzzFeed_Real_12,BuzzFeed_Real_18,4
BuzzFeed_Real_12,BuzzFeed_Real_52,6
BuzzFeed_Real_12,BuzzFeed_Real_6,3
BuzzFeed_Real_12,BuzzFeed_Real_41,2
BuzzFeed_Real_12,BuzzFeed_Real_20,3
BuzzFeed_Real_12,BuzzFeed_Real_25,2
BuzzFeed_Real_12,BuzzFeed_Real_27,3
BuzzFeed_Real_12,BuzzFeed_Real_49,2
BuzzFeed_Real_12,BuzzFeed_Real_68,3
BuzzFeed_Real_12,BuzzFeed_Real_69,3
BuzzFeed_Real_12,BuzzFeed_Real_70,3
BuzzFeed_Real_12,BuzzFeed_Real_77,3
BuzzFeed_Real_12,BuzzFeed_Real_78,3
BuzzFeed_Real_12,BuzzFeed_Real_65,2
BuzzFeed_Real_12,BuzzFeed_Real_84,1
BuzzFeed_Real_55,BuzzFeed_Real_49,9
BuzzFeed_Real_55,BuzzFeed_Real_59,10
BuzzFeed_Real_55,BuzzFeed_Real_78,12
BuzzFeed_Real_55,BuzzFeed_Real_52,4
BuzzFeed_Real_55,BuzzFeed_Real_8,1
BuzzFeed_Real_55,BuzzFeed_Fake_9,1
BuzzFeed_Real_55,BuzzFeed_Fake_31,1
BuzzFeed_Real_55,BuzzFeed_Fake_35,1
BuzzFeed_Real_55,BuzzFeed_Fake_47,1
BuzzFeed_Real_55,BuzzFeed_Fake_56,1
BuzzFeed_Real_55,BuzzFeed_Real_3,2
BuzzFeed_Real_55,BuzzFeed_Real_5,3
BuzzFeed_Real_55,BuzzFeed_Real_62,5
BuzzFeed_Real_55,BuzzFeed_Real_84,8
BuzzFeed_Real_55,BuzzFeed_Real_21,4
BuzzFeed_Real_55,BuzzFeed_Real_57,3
BuzzFeed_Real_55,BuzzFeed_Real_69,7
BuzzFeed_Real_55,BuzzFeed_Fake_62,1
BuzzFeed_Real_55,BuzzFeed_Real_71,2
BuzzFeed_Real_55,BuzzFeed_Real_40,1
BuzzFeed_Real_55,BuzzFeed_Fake_83,1
BuzzFeed_Real_55,BuzzFeed_Real_80,1
BuzzFeed_Fake_51,BuzzFeed_Fake_31,19
BuzzFeed_Fake_51,BuzzFeed_Fake_50,13
BuzzFeed_Fake_51,BuzzFeed_Fake_28,2
BuzzFeed_Fake_51,BuzzFeed_Fake_9,7
BuzzFeed_Fake_51,BuzzFeed_Fake_22,12
BuzzFeed_Fake_51,BuzzFeed_Fake_34,8
BuzzFeed_Fake_51,BuzzFeed_Fake_72,4
BuzzFeed_Fake_51,BuzzFeed_Fake_78,16
BuzzFeed_Fake_51,BuzzFeed_Fake_81,2
BuzzFeed_Fake_51,BuzzFeed_Fake_84,2
BuzzFeed_Fake_51,BuzzFeed_Fake_13,5
BuzzFeed_Fake_51,BuzzFeed_Fake_48,2
BuzzFeed_Fake_51,BuzzFeed_Fake_19,6
BuzzFeed_Fake_51,BuzzFeed_Fake_16,4
BuzzFeed_Fake_51,BuzzFeed_Fake_36,1
BuzzFeed_Fake_51,BuzzFeed_Fake_38,2
BuzzFeed_Fake_51,BuzzFeed_Fake_40,1
BuzzFeed_Fake_51,BuzzFeed_Fake_54,1
BuzzFeed_Fake_51,BuzzFeed_Real_58,3
BuzzFeed_Fake_51,BuzzFeed_Fake_11,4
BuzzFeed_Fake_51,BuzzFeed_Fake_18,13
BuzzFeed_Fake_51,BuzzFeed_Fake_27,1
BuzzFeed_Fake_51,BuzzFeed_Fake_82,1
BuzzFeed_Fake_51,BuzzFeed_Fake_29,2
BuzzFeed_Fake_51,BuzzFeed_Fake_62,1
BuzzFeed_Fake_51,BuzzFeed_Fake_10,1
BuzzFeed_Fake_51,BuzzFeed_Fake_21,3
BuzzFeed_Fake_51,BuzzFeed_Fake_86,2
BuzzFeed_Fake_51,BuzzFeed_Real_6,1
BuzzFeed_Fake_51,BuzzFeed_Real_34,1
BuzzFeed_Fake_51,BuzzFeed_Fake_88,2
BuzzFeed_Fake_59,BuzzFeed_Real_78,1
BuzzFeed_Fake_59,BuzzFeed_Fake_61,12
BuzzFeed_Fake_59,BuzzFeed_Fake_63,23
BuzzFeed_Fake_59,BuzzFeed_Real_22,10
BuzzFeed_Fake_59,BuzzFeed_Fake_64,13
BuzzFeed_Fake_59,BuzzFeed_Fake_76,6
BuzzFeed_Fake_59,BuzzFeed_Real_80,3
BuzzFeed_Fake_59,BuzzFeed_Real_39,1
BuzzFeed_Fake_59,BuzzFeed_Real_37,2
BuzzFeed_Fake_59,BuzzFeed_Real_82,1
BuzzFeed_Fake_59,BuzzFeed_Real_15,1
BuzzFeed_Fake_59,BuzzFeed_Real_76,1
BuzzFeed_Fake_59,BuzzFeed_Real_79,1
BuzzFeed_Fake_62,BuzzFeed_Real_31,1
BuzzFeed_Fake_62,BuzzFeed_Real_71,2
BuzzFeed_Fake_62,BuzzFeed_Fake_33,13
BuzzFeed_Fake_62,BuzzFeed_Fake_76,7
BuzzFeed_Fake_62,BuzzFeed_Real_22,5
BuzzFeed_Fake_62,BuzzFeed_Fake_61,8
BuzzFeed_Fake_62,BuzzFeed_Real_10,1
BuzzFeed_Fake_62,BuzzFeed_Real_15,1
BuzzFeed_Fake_62,BuzzFeed_Real_6,2
BuzzFeed_Fake_62,BuzzFeed_Real_37,2
BuzzFeed_Fake_62,BuzzFeed_Real_68,2
BuzzFeed_Fake_62,BuzzFeed_Fake_4,1
BuzzFeed_Fake_62,BuzzFeed_Fake_19,1
BuzzFeed_Fake_62,BuzzFeed_Fake_30,1
BuzzFeed_Fake_62,BuzzFeed_Real_13,1
BuzzFeed_Fake_62,BuzzFeed_Real_90,1
BuzzFeed_Fake_62,BuzzFeed_Real_57,1
BuzzFeed_Fake_62,BuzzFeed_Real_56,2
BuzzFeed_Fake_62,BuzzFeed_Real_79,2
BuzzFeed_Fake_62,BuzzFeed_Real_82,1
BuzzFeed_Fake_62,BuzzFeed_Real_53,1
BuzzFeed_Fake_62,BuzzFeed_Real_38,1
BuzzFeed_Fake_62,BuzzFeed_Real_62,1
BuzzFeed_Fake_14,BuzzFeed_Fake_50,5
BuzzFeed_Fake_14,BuzzFeed_Fake_4,19
BuzzFeed_Fake_14,BuzzFeed_Fake_37,1
BuzzFeed_Fake_14,BuzzFeed_Real_4,5
BuzzFeed_Fake_14,BuzzFeed_Real_58,3
BuzzFeed_Fake_14,BuzzFeed_Fake_65,1
BuzzFeed_Fake_14,BuzzFeed_Fake_68,1
BuzzFeed_Fake_14,BuzzFeed_Fake_75,1
BuzzFeed_Fake_14,BuzzFeed_Fake_81,1
BuzzFeed_Fake_14,BuzzFeed_Fake_85,1
BuzzFeed_Fake_14,BuzzFeed_Fake_11,6
BuzzFeed_Fake_14,BuzzFeed_Fake_15,8
BuzzFeed_Fake_14,BuzzFeed_Fake_16,6
BuzzFeed_Fake_14,BuzzFeed_Fake_34,7
BuzzFeed_Fake_14,BuzzFeed_Fake_72,3
BuzzFeed_Fake_14,BuzzFeed_Fake_29,2
BuzzFeed_Fake_14,BuzzFeed_Fake_53,2
BuzzFeed_Fake_14,BuzzFeed_Fake_41,1
BuzzFeed_Fake_14,BuzzFeed_Real_8,2
BuzzFeed_Fake_14,BuzzFeed_Fake_8,4
BuzzFeed_Fake_14,BuzzFeed_Fake_30,3
BuzzFeed_Fake_14,BuzzFeed_Fake_78,6
BuzzFeed_Fake_14,BuzzFeed_Real_44,1
BuzzFeed_Fake_14,BuzzFeed_Fake_6,1
BuzzFeed_Fake_14,BuzzFeed_Real_43,2
BuzzFeed_Fake_14,BuzzFeed_Fake_46,1
BuzzFeed_Fake_14,BuzzFeed_Real_28,3
BuzzFeed_Fake_14,BuzzFeed_Fake_84,1
BuzzFeed_Fake_14,BuzzFeed_Real_68,1
BuzzFeed_Fake_14,BuzzFeed_Fake_82,1
BuzzFeed_Fake_14,BuzzFeed_Fake_3,1
BuzzFeed_Fake_14,BuzzFeed_Real_5,1
BuzzFeed_Fake_14,BuzzFeed_Fake_39,3
BuzzFeed_Fake_31,BuzzFeed_Fake_47,19
BuzzFeed_Fake_31,BuzzFeed_Fake_4,25
BuzzFeed_Fake_31,BuzzFeed_Fake_9,8
BuzzFeed_Fake_31,BuzzFeed_Fake_22,8
BuzzFeed_Fake_31,BuzzFeed_Fake_72,4
BuzzFeed_Fake_31,BuzzFeed_Fake_78,12
BuzzFeed_Fake_31,BuzzFeed_Fake_81,1
BuzzFeed_Fake_31,BuzzFeed_Fake_84,1
BuzzFeed_Fake_31,BuzzFeed_Real_43,15
BuzzFeed_Fake_31,BuzzFeed_Real_85,1
BuzzFeed_Fake_31,BuzzFeed_Fake_18,8
BuzzFeed_Fake_31,BuzzFeed_Fake_37,4
BuzzFeed_Fake_31,BuzzFeed_Fake_46,1
BuzzFeed_Fake_31,BuzzFeed_Real_6,2
BuzzFeed_Fake_31,BuzzFeed_Real_8,2
BuzzFeed_Fake_31,BuzzFeed_Real_18,1
BuzzFeed_Fake_31,BuzzFeed_Real_19,1
BuzzFeed_Fake_31,BuzzFeed_Real_29,1
BuzzFeed_Fake_31,BuzzFeed_Real_30,1
BuzzFeed_Fake_31,BuzzFeed_Real_37,1
BuzzFeed_Fake_31,BuzzFeed_Real_59,1
BuzzFeed_Fake_31,BuzzFeed_Real_65,1
BuzzFeed_Fake_31,BuzzFeed_Real_77,2
BuzzFeed_Fake_31,BuzzFeed_Fake_5,4
BuzzFeed_Fake_31,BuzzFeed_Fake_36,3
BuzzFeed_Fake_31,BuzzFeed_Fake_41,6
BuzzFeed_Fake_31,BuzzFeed_Fake_11,1
BuzzFeed_Fake_31,BuzzFeed_Fake_21,4
BuzzFeed_Fake_31,BuzzFeed_Fake_13,2
BuzzFeed_Fake_31,BuzzFeed_Fake_17,1
BuzzFeed_Fake_31,BuzzFeed_Fake_29,4
BuzzFeed_Fake_31,BuzzFeed_Fake_39,2
BuzzFeed_Fake_31,BuzzFeed_Fake_30,3
BuzzFeed_Fake_31,BuzzFeed_Real_58,2
BuzzFeed_Fake_31,BuzzFeed_Real_70,1
BuzzFeed_Fake_31,BuzzFeed_Real_82,1
BuzzFeed_Fake_31,BuzzFeed_Real_13,2
BuzzFeed_Fake_31,BuzzFeed_Fake_25,1
BuzzFeed_Fake_47,BuzzFeed_Fake_50,14
BuzzFeed_Fake_47,BuzzFeed_Real_5,1
BuzzFeed_Fake_47,BuzzFeed_Real_30,2
BuzzFeed_Fake_47,BuzzFeed_Fake_22,17
BuzzFeed_Fake_47,BuzzFeed_Fake_30,4
BuzzFeed_Fake_47,BuzzFeed_Fake_34,15
BuzzFeed_Fake_47,BuzzFeed_Fake_35,37
BuzzFeed_Fake_47,BuzzFeed_Fake_29,9
BuzzFeed_Fake_47,BuzzFeed_Fake_53,9
BuzzFeed_Fake_47,BuzzFeed_Fake_81,3
BuzzFeed_Fake_47,BuzzFeed_Real_20,1
BuzzFeed_Fake_47,BuzzFeed_Real_29,1
BuzzFeed_Fake_47,BuzzFeed_Real_37,1
BuzzFeed_Fake_47,BuzzFeed_Real_59,1
BuzzFeed_Fake_47,BuzzFeed_Real_65,2
BuzzFeed_Fake_47,BuzzFeed_Real_78,1
BuzzFeed_Fake_47,BuzzFeed_Fake_5,3
BuzzFeed_Fake_47,BuzzFeed_Fake_7,6
BuzzFeed_Fake_47,BuzzFeed_Fake_10,2
BuzzFeed_Fake_47,BuzzFeed_Fake_11,2
BuzzFeed_Fake_47,BuzzFeed_Fake_18,12
BuzzFeed_Fake_47,BuzzFeed_Fake_72,6
BuzzFeed_Fake_47,BuzzFeed_Fake_82,4
BuzzFeed_Fake_47,BuzzFeed_Fake_28,1
BuzzFeed_Fake_47,BuzzFeed_Fake_86,2
BuzzFeed_Fake_47,BuzzFeed_Fake_8,2
BuzzFeed_Fake_47,BuzzFeed_Real_13,1
BuzzFeed_Fake_47,BuzzFeed_Fake_40,3
BuzzFeed_Fake_47,BuzzFeed_Fake_88,2
BuzzFeed_Fake_47,BuzzFeed_Real_10,1
BuzzFeed_Fake_47,BuzzFeed_Fake_43,1
BuzzFeed_Fake_50,BuzzFeed_Fake_52,3
BuzzFeed_Fake_50,BuzzFeed_Fake_34,13
BuzzFeed_Fake_50,BuzzFeed_Fake_9,6
BuzzFeed_Fake_50,BuzzFeed_Fake_16,1
BuzzFeed_Fake_50,BuzzFeed_Fake_35,23
BuzzFeed_Fake_50,BuzzFeed_Fake_13,4
BuzzFeed_Fake_50,BuzzFeed_Fake_48,2
BuzzFeed_Fake_50,BuzzFeed_Real_6,1
BuzzFeed_Fake_50,BuzzFeed_Real_18,1
BuzzFeed_Fake_50,BuzzFeed_Real_25,1
BuzzFeed_Fake_50,BuzzFeed_Real_29,1
BuzzFeed_Fake_50,BuzzFeed_Real_37,1
BuzzFeed_Fake_50,BuzzFeed_Real_43,3
BuzzFeed_Fake_50,BuzzFeed_Real_49,1
BuzzFeed_Fake_50,BuzzFeed_Real_59,1
BuzzFeed_Fake_50,BuzzFeed_Real_65,1
BuzzFeed_Fake_50,BuzzFeed_Fake_5,1
BuzzFeed_Fake_50,BuzzFeed_Fake_19,2
BuzzFeed_Fake_50,BuzzFeed_Fake_56,2
BuzzFeed_Fake_50,BuzzFeed_Fake_18,6
BuzzFeed_Fake_50,BuzzFeed_Fake_53,1
BuzzFeed_Fake_50,BuzzFeed_Fake_88,1
BuzzFeed_Fake_50,BuzzFeed_Fake_81,1
BuzzFeed_Fake_50,BuzzFeed_Fake_42,1
BuzzFeed_Fake_50,BuzzFeed_Fake_10,1
BuzzFeed_Fake_50,BuzzFeed_Real_58,1
BuzzFeed_Fake_22,BuzzFeed_Fake_37,1
BuzzFeed_Fake_22,BuzzFeed_Fake_52,5
BuzzFeed_Fake_22,BuzzFeed_Fake_29,5
BuzzFeed_Fake_22,BuzzFeed_Fake_53,5
BuzzFeed_Fake_22,BuzzFeed_Fake_78,10
BuzzFeed_Fake_22,BuzzFeed_Fake_84,1
BuzzFeed_Fake_22,BuzzFeed_Fake_7,1
BuzzFeed_Fake_22,BuzzFeed_Fake_15,1
BuzzFeed_Fake_22,BuzzFeed_Fake_16,2
BuzzFeed_Fake_22,BuzzFeed_Fake_21,3
BuzzFeed_Fake_22,BuzzFeed_Fake_68,1
BuzzFeed_Fake_22,BuzzFeed_Fake_86,2
BuzzFeed_Fake_22,BuzzFeed_Fake_36,1
BuzzFeed_Fake_22,BuzzFeed_Real_13,1
BuzzFeed_Fake_5,BuzzFeed_Fake_37,1
BuzzFeed_Fake_5,BuzzFeed_Fake_52,1
BuzzFeed_Fake_5,BuzzFeed_Real_8,10
BuzzFeed_Fake_5,BuzzFeed_Real_18,1
BuzzFeed_Fake_5,BuzzFeed_Real_19,1
BuzzFeed_Fake_5,BuzzFeed_Real_20,1
BuzzFeed_Fake_5,BuzzFeed_Real_37,1
BuzzFeed_Fake_5,BuzzFeed_Real_49,1
BuzzFeed_Fake_5,BuzzFeed_Real_59,1
BuzzFeed_Fake_5,BuzzFeed_Fake_19,1
BuzzFeed_Fake_5,BuzzFeed_Fake_35,2
BuzzFeed_Fake_5,BuzzFeed_Fake_36,1
BuzzFeed_Fake_5,BuzzFeed_Fake_4,6
BuzzFeed_Fake_5,BuzzFeed_Fake_18,4
BuzzFeed_Fake_5,BuzzFeed_Fake_21,4
BuzzFeed_Fake_5,BuzzFeed_Fake_8,5
BuzzFeed_Fake_5,BuzzFeed_Fake_13,1
BuzzFeed_Fake_5,BuzzFeed_Fake_39,1
BuzzFeed_Fake_5,BuzzFeed_Fake_16,1
BuzzFeed_Fake_5,BuzzFeed_Fake_25,1
BuzzFeed_Fake_5,BuzzFeed_Real_47,1
BuzzFeed_Fake_5,BuzzFeed_Fake_3,1
BuzzFeed_Fake_34,BuzzFeed_Fake_52,5
BuzzFeed_Fake_34,BuzzFeed_Fake_39,7
BuzzFeed_Fake_34,BuzzFeed_Fake_4,25
BuzzFeed_Fake_34,BuzzFeed_Fake_35,24
BuzzFeed_Fake_34,BuzzFeed_Fake_72,6
BuzzFeed_Fake_34,BuzzFeed_Fake_81,1
BuzzFeed_Fake_34,BuzzFeed_Fake_48,1
BuzzFeed_Fake_34,BuzzFeed_Fake_18,15
BuzzFeed_Fake_34,BuzzFeed_Fake_15,5
BuzzFeed_Fake_34,BuzzFeed_Fake_25,3
BuzzFeed_Fake_34,BuzzFeed_Fake_29,8
BuzzFeed_Fake_34,BuzzFeed_Real_6,1
BuzzFeed_Fake_34,BuzzFeed_Real_8,2
BuzzFeed_Fake_34,BuzzFeed_Real_18,1
BuzzFeed_Fake_34,BuzzFeed_Real_19,1
BuzzFeed_Fake_34,BuzzFeed_Real_25,1
BuzzFeed_Fake_34,BuzzFeed_Real_30,1
BuzzFeed_Fake_34,BuzzFeed_Real_37,1
BuzzFeed_Fake_34,BuzzFeed_Real_49,1
BuzzFeed_Fake_34,BuzzFeed_Real_65,1
BuzzFeed_Fake_34,BuzzFeed_Real_77,2
BuzzFeed_Fake_34,BuzzFeed_Real_78,1
BuzzFeed_Fake_34,BuzzFeed_Fake_36,2
BuzzFeed_Fake_34,BuzzFeed_Fake_56,4
BuzzFeed_Fake_34,BuzzFeed_Fake_82,2
BuzzFeed_Fake_34,BuzzFeed_Real_75,1
BuzzFeed_Fake_34,BuzzFeed_Real_13,3
BuzzFeed_Fake_34,BuzzFeed_Fake_33,1
BuzzFeed_Fake_37,BuzzFeed_Fake_16,1
BuzzFeed_Fake_37,BuzzFeed_Fake_30,3
BuzzFeed_Fake_37,BuzzFeed_Fake_35,1
BuzzFeed_Fake_37,BuzzFeed_Fake_36,2
BuzzFeed_Fake_37,BuzzFeed_Fake_38,2
BuzzFeed_Fake_37,BuzzFeed_Fake_54,2
BuzzFeed_Fake_52,BuzzFeed_Real_58,4
BuzzFeed_Fake_52,BuzzFeed_Real_43,4
BuzzFeed_Fake_52,BuzzFeed_Fake_16,3
BuzzFeed_Fake_52,BuzzFeed_Fake_30,6
BuzzFeed_Fake_52,BuzzFeed_Fake_36,2
BuzzFeed_Fake_52,BuzzFeed_Fake_38,1
BuzzFeed_Fake_52,BuzzFeed_Fake_88,1
BuzzFeed_Fake_52,BuzzFeed_Real_13,2
BuzzFeed_Fake_52,BuzzFeed_Fake_48,4
BuzzFeed_Fake_52,BuzzFeed_Fake_86,1
BuzzFeed_Fake_52,BuzzFeed_Fake_53,1
BuzzFeed_Fake_52,BuzzFeed_Fake_72,2
BuzzFeed_Fake_52,BuzzFeed_Fake_39,2
BuzzFeed_Fake_52,BuzzFeed_Fake_15,1
BuzzFeed_Fake_28,BuzzFeed_Real_28,1
BuzzFeed_Fake_28,BuzzFeed_Fake_9,1
BuzzFeed_Fake_28,BuzzFeed_Fake_18,2
BuzzFeed_Fake_28,BuzzFeed_Real_61,1
BuzzFeed_Fake_28,BuzzFeed_Fake_6,1
BuzzFeed_Fake_28,BuzzFeed_Fake_10,1
BuzzFeed_Fake_28,BuzzFeed_Fake_13,1
BuzzFeed_Fake_28,BuzzFeed_Fake_17,1
BuzzFeed_Fake_28,BuzzFeed_Fake_29,1
BuzzFeed_Fake_30,BuzzFeed_Fake_38,2
BuzzFeed_Fake_30,BuzzFeed_Fake_40,2
BuzzFeed_Fake_30,BuzzFeed_Fake_18,3
BuzzFeed_Fake_30,BuzzFeed_Fake_25,2
BuzzFeed_Fake_30,BuzzFeed_Fake_84,1
BuzzFeed_Fake_30,BuzzFeed_Fake_10,2
BuzzFeed_Fake_30,BuzzFeed_Real_43,1
BuzzFeed_Fake_30,BuzzFeed_Fake_48,2
BuzzFeed_Fake_30,BuzzFeed_Fake_9,4
BuzzFeed_Fake_30,BuzzFeed_Fake_53,1
BuzzFeed_Fake_30,BuzzFeed_Real_58,1
BuzzFeed_Real_58,BuzzFeed_Fake_35,5
BuzzFeed_Real_58,BuzzFeed_Real_26,5
BuzzFeed_Real_58,BuzzFeed_Fake_67,5
BuzzFeed_Real_58,BuzzFeed_Fake_68,6
BuzzFeed_Real_58,BuzzFeed_Fake_70,6
BuzzFeed_Real_58,BuzzFeed_Fake_75,5
BuzzFeed_Real_58,BuzzFeed_Fake_83,6
BuzzFeed_Real_58,BuzzFeed_Fake_88,6
BuzzFeed_Real_58,BuzzFeed_Fake_4,4
BuzzFeed_Real_58,BuzzFeed_Fake_18,4
BuzzFeed_Real_58,BuzzFeed_Fake_20,1
BuzzFeed_Real_58,BuzzFeed_Fake_27,1
BuzzFeed_Real_58,BuzzFeed_Fake_72,1
BuzzFeed_Real_58,BuzzFeed_Fake_84,5
BuzzFeed_Real_58,BuzzFeed_Real_13,1
BuzzFeed_Real_58,BuzzFeed_Fake_8,1
BuzzFeed_Real_58,BuzzFeed_Fake_21,1
BuzzFeed_Real_58,BuzzFeed_Real_43,1
BuzzFeed_Real_58,BuzzFeed_Fake_32,1
BuzzFeed_Real_58,BuzzFeed_Fake_78,3
BuzzFeed_Real_58,BuzzFeed_Fake_56,1
BuzzFeed_Real_58,BuzzFeed_Fake_87,4
BuzzFeed_Real_58,BuzzFeed_Real_48,1
BuzzFeed_Fake_19,BuzzFeed_Fake_4,10
BuzzFeed_Fake_19,BuzzFeed_Fake_21,2
BuzzFeed_Fake_19,BuzzFeed_Fake_56,3
BuzzFeed_Fake_19,BuzzFeed_Real_19,1
BuzzFeed_Fake_19,BuzzFeed_Real_20,1
BuzzFeed_Fake_19,BuzzFeed_Real_25,1
BuzzFeed_Fake_19,BuzzFeed_Real_29,1
BuzzFeed_Fake_19,BuzzFeed_Real_30,1
BuzzFeed_Fake_19,BuzzFeed_Real_37,1
BuzzFeed_Fake_19,BuzzFeed_Real_65,1
BuzzFeed_Fake_19,BuzzFeed_Real_77,1
BuzzFeed_Fake_19,BuzzFeed_Real_78,1
BuzzFeed_Fake_19,BuzzFeed_Fake_9,4
BuzzFeed_Fake_19,BuzzFeed_Fake_18,4
BuzzFeed_Fake_19,BuzzFeed_Fake_82,1
BuzzFeed_Fake_19,BuzzFeed_Fake_13,2
BuzzFeed_Fake_19,BuzzFeed_Fake_17,1
BuzzFeed_Fake_19,BuzzFeed_Fake_53,2
BuzzFeed_Fake_19,BuzzFeed_Real_1,1
BuzzFeed_Fake_19,BuzzFeed_Real_13,1
BuzzFeed_Fake_19,BuzzFeed_Real_44,1
BuzzFeed_Fake_19,BuzzFeed_Fake_42,1
BuzzFeed_Real_31,BuzzFeed_Real_71,2
BuzzFeed_Real_31,BuzzFeed_Real_5,2
BuzzFeed_Real_31,BuzzFeed_Real_37,6
BuzzFeed_Real_31,BuzzFeed_Real_54,1
BuzzFeed_Real_31,BuzzFeed_Real_79,1
BuzzFeed_Real_31,BuzzFeed_Real_80,3
BuzzFeed_Real_31,BuzzFeed_Fake_12,1
BuzzFeed_Real_31,BuzzFeed_Fake_66,1
BuzzFeed_Real_31,BuzzFeed_Fake_76,1
BuzzFeed_Real_31,BuzzFeed_Real_6,12
BuzzFeed_Real_31,BuzzFeed_Real_10,6
BuzzFeed_Real_31,BuzzFeed_Real_27,8
BuzzFeed_Real_31,BuzzFeed_Real_59,9
BuzzFeed_Real_31,BuzzFeed_Real_77,9
BuzzFeed_Real_31,BuzzFeed_Real_21,5
BuzzFeed_Real_31,BuzzFeed_Real_41,5
BuzzFeed_Real_31,BuzzFeed_Real_62,4
BuzzFeed_Real_31,BuzzFeed_Real_69,4
BuzzFeed_Real_31,BuzzFeed_Real_2,1
BuzzFeed_Real_31,BuzzFeed_Real_3,1
BuzzFeed_Real_31,BuzzFeed_Real_50,1
BuzzFeed_Real_31,BuzzFeed_Real_51,1
BuzzFeed_Real_31,BuzzFeed_Real_86,1
BuzzFeed_Real_71,BuzzFeed_Real_3,34
BuzzFeed_Real_71,BuzzFeed_Real_5,37
BuzzFeed_Real_71,BuzzFeed_Real_73,39
BuzzFeed_Real_71,BuzzFeed_Real_80,36
BuzzFeed_Real_71,BuzzFeed_Real_83,2
BuzzFeed_Real_71,BuzzFeed_Real_85,19
BuzzFeed_Real_71,BuzzFeed_Real_2,18
BuzzFeed_Real_71,BuzzFeed_Real_17,20
BuzzFeed_Real_71,BuzzFeed_Real_50,16
BuzzFeed_Real_71,BuzzFeed_Real_38,6
BuzzFeed_Real_71,BuzzFeed_Real_48,3
BuzzFeed_Real_71,BuzzFeed_Real_6,3
BuzzFeed_Real_71,BuzzFeed_Real_10,2
BuzzFeed_Real_71,BuzzFeed_Real_15,2
BuzzFeed_Real_71,BuzzFeed_Real_41,3
BuzzFeed_Real_71,BuzzFeed_Real_19,1
BuzzFeed_Real_71,BuzzFeed_Real_20,1
BuzzFeed_Real_71,BuzzFeed_Real_27,1
BuzzFeed_Real_71,BuzzFeed_Real_29,1
BuzzFeed_Real_71,BuzzFeed_Real_37,1
BuzzFeed_Real_15,BuzzFeed_Real_5,3
BuzzFeed_Real_15,BuzzFeed_Real_44,6
BuzzFeed_Real_15,BuzzFeed_Real_50,1
BuzzFeed_Real_15,BuzzFeed_Real_66,7
BuzzFeed_Real_15,BuzzFeed_Real_86,3
BuzzFeed_Real_15,BuzzFeed_Fake_82,1
BuzzFeed_Real_15,BuzzFeed_Real_82,2
BuzzFeed_Real_15,BuzzFeed_Fake_48,1
BuzzFeed_Real_15,BuzzFeed_Real_73,8
BuzzFeed_Real_15,BuzzFeed_Real_18,6
BuzzFeed_Real_15,BuzzFeed_Real_83,3
BuzzFeed_Real_15,BuzzFeed_Real_9,3
BuzzFeed_Real_15,BuzzFeed_Real_16,2
BuzzFeed_Real_15,BuzzFeed_Real_67,5
BuzzFeed_Real_15,BuzzFeed_Real_2,2
BuzzFeed_Real_15,BuzzFeed_Real_51,1
BuzzFeed_Real_15,BuzzFeed_Real_20,1
BuzzFeed_Real_15,BuzzFeed_Real_27,1
BuzzFeed_Real_15,BuzzFeed_Real_29,1
BuzzFeed_Real_15,BuzzFeed_Real_65,1
BuzzFeed_Real_15,BuzzFeed_Real_70,1
BuzzFeed_Real_15,BuzzFeed_Real_48,1
BuzzFeed_Real_21,BuzzFeed_Real_6,12
BuzzFeed_Real_21,BuzzFeed_Real_82,1
BuzzFeed_Real_21,BuzzFeed_Real_30,5
BuzzFeed_Real_21,BuzzFeed_Real_83,5
BuzzFeed_Real_21,BuzzFeed_Real_2,2
BuzzFeed_Real_21,BuzzFeed_Real_51,2
BuzzFeed_Real_21,BuzzFeed_Real_67,5
BuzzFeed_Real_21,BuzzFeed_Fake_56,1
BuzzFeed_Real_21,BuzzFeed_Real_20,4
BuzzFeed_Real_21,BuzzFeed_Real_70,5
BuzzFeed_Real_21,BuzzFeed_Real_81,5
BuzzFeed_Real_21,BuzzFeed_Real_62,2
BuzzFeed_Real_21,BuzzFeed_Real_16,1
BuzzFeed_Real_21,BuzzFeed_Real_25,1
BuzzFeed_Real_21,BuzzFeed_Real_34,1
BuzzFeed_Real_21,BuzzFeed_Real_37,1
BuzzFeed_Real_10,BuzzFeed_Real_41,71
BuzzFeed_Real_10,BuzzFeed_Real_81,14
BuzzFeed_Real_10,BuzzFeed_Real_51,2
BuzzFeed_Real_10,BuzzFeed_Fake_84,1
BuzzFeed_Real_10,BuzzFeed_Real_13,16
BuzzFeed_Real_10,BuzzFeed_Real_16,10
BuzzFeed_Real_10,BuzzFeed_Real_30,6
BuzzFeed_Real_10,BuzzFeed_Real_78,8
BuzzFeed_Real_10,BuzzFeed_Real_67,8
BuzzFeed_Real_10,BuzzFeed_Real_44,10
BuzzFeed_Real_10,BuzzFeed_Real_5,5
BuzzFeed_Real_10,BuzzFeed_Real_20,5
BuzzFeed_Real_10,BuzzFeed_Real_29,7
BuzzFeed_Real_10,BuzzFeed_Real_49,2
BuzzFeed_Real_10,BuzzFeed_Real_59,5
BuzzFeed_Real_10,BuzzFeed_Real_39,1
BuzzFeed_Real_10,BuzzFeed_Fake_56,1
BuzzFeed_Real_10,BuzzFeed_Real_40,1
BuzzFeed_Real_10,BuzzFeed_Real_68,5
BuzzFeed_Real_10,BuzzFeed_Real_84,3
BuzzFeed_Real_10,BuzzFeed_Real_90,1
BuzzFeed_Real_10,BuzzFeed_Real_2,2
BuzzFeed_Real_10,BuzzFeed_Real_3,2
BuzzFeed_Real_10,BuzzFeed_Real_50,2
BuzzFeed_Real_10,BuzzFeed_Real_53,1
BuzzFeed_Real_10,BuzzFeed_Real_54,1
BuzzFeed_Real_10,BuzzFeed_Fake_33,1
BuzzFeed_Real_10,BuzzFeed_Real_34,2
BuzzFeed_Real_10,BuzzFeed_Fake_63,1
BuzzFeed_Real_10,BuzzFeed_Real_69,1
BuzzFeed_Real_10,BuzzFeed_Real_85,1
BuzzFeed_Real_41,BuzzFeed_Real_77,26
BuzzFeed_Real_41,BuzzFeed_Real_80,4
BuzzFeed_Real_41,BuzzFeed_Real_57,7
BuzzFeed_Real_41,BuzzFeed_Real_66,10
BuzzFeed_Real_41,BuzzFeed_Real_73,11
BuzzFeed_Real_41,BuzzFeed_Real_30,5
BuzzFeed_Real_41,BuzzFeed_Real_78,7
BuzzFeed_Real_41,BuzzFeed_Real_83,5
BuzzFeed_Real_41,BuzzFeed_Real_9,4
BuzzFeed_Real_41,BuzzFeed_Real_67,9
BuzzFeed_Real_41,BuzzFeed_Real_5,6
BuzzFeed_Real_41,BuzzFeed_Fake_56,1
BuzzFeed_Real_41,BuzzFeed_Real_2,4
BuzzFeed_Real_41,BuzzFeed_Real_84,4
BuzzFeed_Real_41,BuzzFeed_Real_19,4
BuzzFeed_Real_41,BuzzFeed_Real_20,4
BuzzFeed_Real_41,BuzzFeed_Real_65,4
BuzzFeed_Real_41,BuzzFeed_Real_22,1
BuzzFeed_Real_41,BuzzFeed_Real_37,2
BuzzFeed_Real_41,BuzzFeed_Fake_76,1
BuzzFeed_Real_41,BuzzFeed_Real_34,1
BuzzFeed_Real_41,BuzzFeed_Real_51,1
BuzzFeed_Real_41,BuzzFeed_Real_69,1
BuzzFeed_Real_41,BuzzFeed_Real_85,1
BuzzFeed_Real_5,BuzzFeed_Real_2,30
BuzzFeed_Real_5,BuzzFeed_Real_73,43
BuzzFeed_Real_5,BuzzFeed_Real_80,39
BuzzFeed_Real_5,BuzzFeed_Real_3,38
BuzzFeed_Real_5,BuzzFeed_Real_9,47
BuzzFeed_Real_5,BuzzFeed_Real_34,37
BuzzFeed_Real_5,BuzzFeed_Real_51,38
BuzzFeed_Real_5,BuzzFeed_Real_66,26
BuzzFeed_Real_5,BuzzFeed_Real_17,24
BuzzFeed_Real_5,BuzzFeed_Real_44,6
BuzzFeed_Real_5,BuzzFeed_Real_13,5
BuzzFeed_Real_5,BuzzFeed_Real_38,4
BuzzFeed_Real_5,BuzzFeed_Real_48,2
BuzzFeed_Real_5,BuzzFeed_Real_16,2
BuzzFeed_Real_5,BuzzFeed_Real_54,1
BuzzFeed_Real_5,BuzzFeed_Real_74,1
BuzzFeed_Real_5,BuzzFeed_Real_79,1
BuzzFeed_Real_5,BuzzFeed_Fake_1,1
BuzzFeed_Real_5,BuzzFeed_Fake_66,1
BuzzFeed_Real_5,BuzzFeed_Real_25,2
BuzzFeed_Real_5,BuzzFeed_Real_81,3
BuzzFeed_Real_5,BuzzFeed_Real_70,2
BuzzFeed_Real_5,BuzzFeed_Real_77,3
BuzzFeed_Real_5,BuzzFeed_Real_83,2
BuzzFeed_Real_5,BuzzFeed_Real_28,1
BuzzFeed_Real_5,BuzzFeed_Fake_15,1
BuzzFeed_Real_5,BuzzFeed_Real_27,1
BuzzFeed_Real_5,BuzzFeed_Real_59,1
BuzzFeed_Real_5,BuzzFeed_Real_69,1
BuzzFeed_Real_6,BuzzFeed_Real_30,17
BuzzFeed_Real_6,BuzzFeed_Real_19,14
BuzzFeed_Real_6,BuzzFeed_Real_20,11
BuzzFeed_Real_6,BuzzFeed_Real_59,11
BuzzFeed_Real_6,BuzzFeed_Real_68,11
BuzzFeed_Real_6,BuzzFeed_Real_80,9
BuzzFeed_Real_6,BuzzFeed_Real_44,7
BuzzFeed_Real_6,BuzzFeed_Real_2,4
BuzzFeed_Real_6,BuzzFeed_Real_34,4
BuzzFeed_Real_6,BuzzFeed_Real_57,6
BuzzFeed_Real_6,BuzzFeed_Real_86,2
BuzzFeed_Real_6,BuzzFeed_Real_13,6
BuzzFeed_Real_6,BuzzFeed_Real_83,8
BuzzFeed_Real_6,BuzzFeed_Real_8,2
BuzzFeed_Real_6,BuzzFeed_Real_65,11
BuzzFeed_Real_6,BuzzFeed_Fake_36,1
BuzzFeed_Real_6,BuzzFeed_Fake_4,1
BuzzFeed_Real_6,BuzzFeed_Fake_7,1
BuzzFeed_Real_6,BuzzFeed_Fake_18,1
BuzzFeed_Real_6,BuzzFeed_Real_70,10
BuzzFeed_Real_6,BuzzFeed_Fake_64,1
BuzzFeed_Real_6,BuzzFeed_Real_62,7
BuzzFeed_Real_6,BuzzFeed_Real_56,1
BuzzFeed_Real_6,BuzzFeed_Real_67,3
BuzzFeed_Real_6,BuzzFeed_Real_26,1
BuzzFeed_Real_6,BuzzFeed_Real_33,1
BuzzFeed_Real_6,BuzzFeed_Fake_65,1
BuzzFeed_Real_6,BuzzFeed_Fake_67,1
BuzzFeed_Real_6,BuzzFeed_Fake_68,1
BuzzFeed_Real_6,BuzzFeed_Fake_70,1
BuzzFeed_Real_6,BuzzFeed_Fake_73,1
BuzzFeed_Real_6,BuzzFeed_Fake_74,1
BuzzFeed_Real_6,BuzzFeed_Fake_75,1
BuzzFeed_Real_6,BuzzFeed_Fake_79,1
BuzzFeed_Real_6,BuzzFeed_Fake_81,1
BuzzFeed_Real_6,BuzzFeed_Fake_85,1
BuzzFeed_Real_6,BuzzFeed_Fake_88,1
BuzzFeed_Real_6,BuzzFeed_Fake_91,1
BuzzFeed_Real_6,BuzzFeed_Fake_66,1
BuzzFeed_Real_30,BuzzFeed_Real_18,12
BuzzFeed_Real_30,BuzzFeed_Real_29,11
BuzzFeed_Real_30,BuzzFeed_Real_49,6
BuzzFeed_Real_30,BuzzFeed_Real_59,9
BuzzFeed_Real_30,BuzzFeed_Real_77,10
BuzzFeed_Real_30,BuzzFeed_Real_8,1
BuzzFeed_Real_30,BuzzFeed_Real_43,1
BuzzFeed_Real_30,BuzzFeed_Fake_9,1
BuzzFeed_Real_30,BuzzFeed_Real_44,2
BuzzFeed_Real_30,BuzzFeed_Real_81,8
BuzzFeed_Real_30,BuzzFeed_Fake_7,1
BuzzFeed_Real_30,BuzzFeed_Fake_15,1
BuzzFeed_Real_30,BuzzFeed_Real_57,3
BuzzFeed_Real_30,BuzzFeed_Real_73,3
BuzzFeed_Real_30,BuzzFeed_Real_84,7
BuzzFeed_Real_30,BuzzFeed_Real_69,4
BuzzFeed_Real_30,BuzzFeed_Real_52,1
BuzzFeed_Real_30,BuzzFeed_Real_13,1
BuzzFeed_Real_30,BuzzFeed_Real_17,1
BuzzFeed_Real_30,BuzzFeed_Real_34,1
BuzzFeed_Real_30,BuzzFeed_Real_50,1
BuzzFeed_Fake_84,BuzzFeed_Fake_4,2
BuzzFeed_Fake_84,BuzzFeed_Fake_35,3
BuzzFeed_Fake_84,BuzzFeed_Fake_78,3
BuzzFeed_Fake_84,BuzzFeed_Real_81,2
BuzzFeed_Fake_84,BuzzFeed_Fake_70,9
BuzzFeed_Fake_84,BuzzFeed_Fake_83,13
BuzzFeed_Fake_84,BuzzFeed_Fake_86,7
BuzzFeed_Fake_84,BuzzFeed_Fake_88,11
BuzzFeed_Fake_84,BuzzFeed_Real_14,7
BuzzFeed_Fake_84,BuzzFeed_Real_36,7
BuzzFeed_Fake_84,BuzzFeed_Fake_67,8
BuzzFeed_Fake_84,BuzzFeed_Fake_74,8
BuzzFeed_Fake_84,BuzzFeed_Fake_39,1
BuzzFeed_Fake_84,BuzzFeed_Real_18,1
BuzzFeed_Fake_84,BuzzFeed_Fake_15,1
BuzzFeed_Fake_84,BuzzFeed_Real_8,1
BuzzFeed_Fake_84,BuzzFeed_Fake_11,1
BuzzFeed_Real_57,BuzzFeed_Real_66,132
BuzzFeed_Real_57,BuzzFeed_Real_3,35
BuzzFeed_Real_57,BuzzFeed_Real_34,39
BuzzFeed_Real_57,BuzzFeed_Real_86,39
BuzzFeed_Real_57,BuzzFeed_Real_50,19
BuzzFeed_Real_57,BuzzFeed_Real_85,20
BuzzFeed_Real_57,BuzzFeed_Real_38,5
BuzzFeed_Real_57,BuzzFeed_Real_77,7
BuzzFeed_Real_57,BuzzFeed_Real_75,3
BuzzFeed_Real_57,BuzzFeed_Real_83,5
BuzzFeed_Real_57,BuzzFeed_Real_19,3
BuzzFeed_Real_57,BuzzFeed_Real_20,2
BuzzFeed_Real_57,BuzzFeed_Real_65,3
BuzzFeed_Real_57,BuzzFeed_Real_68,2
BuzzFeed_Real_57,BuzzFeed_Real_78,2
BuzzFeed_Real_57,BuzzFeed_Real_67,1
BuzzFeed_Real_57,BuzzFeed_Fake_8,1
BuzzFeed_Real_57,BuzzFeed_Real_37,2
BuzzFeed_Real_57,BuzzFeed_Real_69,2
BuzzFeed_Real_57,BuzzFeed_Real_49,1
BuzzFeed_Fake_64,BuzzFeed_Real_22,7
BuzzFeed_Fake_64,BuzzFeed_Real_54,1
BuzzFeed_Fake_64,BuzzFeed_Fake_12,1
BuzzFeed_Fake_64,BuzzFeed_Fake_33,5
BuzzFeed_Fake_64,BuzzFeed_Fake_66,2
BuzzFeed_Fake_64,BuzzFeed_Real_79,2
BuzzFeed_Fake_64,BuzzFeed_Real_39,1
BuzzFeed_Fake_64,BuzzFeed_Real_90,1
BuzzFeed_Fake_64,BuzzFeed_Fake_1,2
BuzzFeed_Fake_64,BuzzFeed_Fake_76,3
BuzzFeed_Fake_64,BuzzFeed_Real_18,1
BuzzFeed_Real_2,BuzzFeed_Real_50,20
BuzzFeed_Real_2,BuzzFeed_Real_3,21
BuzzFeed_Real_2,BuzzFeed_Real_17,21
BuzzFeed_Real_2,BuzzFeed_Real_34,16
BuzzFeed_Real_2,BuzzFeed_Real_51,18
BuzzFeed_Real_2,BuzzFeed_Real_66,26
BuzzFeed_Real_2,BuzzFeed_Real_86,20
BuzzFeed_Real_2,BuzzFeed_Real_48,3
BuzzFeed_Real_2,BuzzFeed_Real_84,2
BuzzFeed_Real_2,BuzzFeed_Real_77,2
BuzzFeed_Real_2,BuzzFeed_Real_19,1
BuzzFeed_Real_2,BuzzFeed_Real_20,1
BuzzFeed_Real_2,BuzzFeed_Real_29,1
BuzzFeed_Real_2,BuzzFeed_Real_59,1
BuzzFeed_Real_2,BuzzFeed_Real_69,1
BuzzFeed_Real_2,BuzzFeed_Real_70,1
BuzzFeed_Real_2,BuzzFeed_Real_78,1
BuzzFeed_Real_2,BuzzFeed_Real_83,1
BuzzFeed_Real_50,BuzzFeed_Real_80,14
BuzzFeed_Real_50,BuzzFeed_Real_3,19
BuzzFeed_Real_50,BuzzFeed_Real_17,19
BuzzFeed_Real_50,BuzzFeed_Real_51,16
BuzzFeed_Real_50,BuzzFeed_Real_85,18
BuzzFeed_Real_50,BuzzFeed_Real_86,17
BuzzFeed_Real_50,BuzzFeed_Real_44,2
BuzzFeed_Real_50,BuzzFeed_Real_13,2
BuzzFeed_Real_50,BuzzFeed_Real_19,1
BuzzFeed_Real_50,BuzzFeed_Real_27,1
BuzzFeed_Real_50,BuzzFeed_Real_37,1
BuzzFeed_Real_50,BuzzFeed_Real_49,1
BuzzFeed_Real_50,BuzzFeed_Real_59,1
BuzzFeed_Real_50,BuzzFeed_Real_62,1
BuzzFeed_Real_50,BuzzFeed_Real_65,1
BuzzFeed_Real_50,BuzzFeed_Real_68,1
BuzzFeed_Real_50,BuzzFeed_Real_70,1
BuzzFeed_Real_50,BuzzFeed_Real_84,1
BuzzFeed_Real_73,BuzzFeed_Real_66,138
BuzzFeed_Real_73,BuzzFeed_Real_3,39
BuzzFeed_Real_73,BuzzFeed_Real_51,42
BuzzFeed_Real_73,BuzzFeed_Real_86,37
BuzzFeed_Real_73,BuzzFeed_Real_17,26
BuzzFeed_Real_73,BuzzFeed_Real_48,5
BuzzFeed_Real_73,BuzzFeed_Real_13,15
BuzzFeed_Real_73,BuzzFeed_Real_38,10
BuzzFeed_Real_73,BuzzFeed_Real_18,5
BuzzFeed_Real_73,BuzzFeed_Real_20,2
BuzzFeed_Real_73,BuzzFeed_Real_29,3
BuzzFeed_Real_73,BuzzFeed_Real_65,3
BuzzFeed_Real_73,BuzzFeed_Real_78,4
BuzzFeed_Real_73,BuzzFeed_Real_81,3
BuzzFeed_Real_73,BuzzFeed_Real_67,1
BuzzFeed_Real_73,BuzzFeed_Real_83,2
BuzzFeed_Real_73,BuzzFeed_Real_56,1
BuzzFeed_Real_73,BuzzFeed_Real_25,1
BuzzFeed_Real_73,BuzzFeed_Real_49,1
BuzzFeed_Real_73,BuzzFeed_Real_69,1
BuzzFeed_Real_80,BuzzFeed_Real_51,40
BuzzFeed_Real_80,BuzzFeed_Real_86,35
BuzzFeed_Real_80,BuzzFeed_Real_17,18
BuzzFeed_Real_80,BuzzFeed_Real_54,2
BuzzFeed_Real_80,BuzzFeed_Real_19,5
BuzzFeed_Real_80,BuzzFeed_Real_38,7
BuzzFeed_Real_80,BuzzFeed_Real_48,4
BuzzFeed_Real_80,BuzzFeed_Real_52,3
BuzzFeed_Real_80,BuzzFeed_Real_74,1
BuzzFeed_Real_80,BuzzFeed_Real_79,1
BuzzFeed_Real_80,BuzzFeed_Fake_66,1
BuzzFeed_Real_80,BuzzFeed_Fake_76,1
BuzzFeed_Real_80,BuzzFeed_Real_78,2
BuzzFeed_Real_80,BuzzFeed_Fake_63,2
BuzzFeed_Real_80,BuzzFeed_Real_77,2
BuzzFeed_Real_80,BuzzFeed_Real_18,1
BuzzFeed_Real_80,BuzzFeed_Real_20,1
BuzzFeed_Real_80,BuzzFeed_Real_27,1
BuzzFeed_Real_80,BuzzFeed_Real_49,1
BuzzFeed_Fake_35,BuzzFeed_Fake_4,46
BuzzFeed_Fake_35,BuzzFeed_Fake_78,25
BuzzFeed_Fake_35,BuzzFeed_Fake_72,6
BuzzFeed_Fake_35,BuzzFeed_Fake_81,2
BuzzFeed_Fake_35,BuzzFeed_Real_43,3
BuzzFeed_Fake_35,BuzzFeed_Fake_21,5
BuzzFeed_Fake_35,BuzzFeed_Fake_38,1
BuzzFeed_Fake_35,BuzzFeed_Fake_40,2
BuzzFeed_Fake_35,BuzzFeed_Fake_54,1
BuzzFeed_Fake_35,BuzzFeed_Fake_56,2
BuzzFeed_Fake_35,BuzzFeed_Fake_11,5
BuzzFeed_Fake_35,BuzzFeed_Fake_15,4
BuzzFeed_Fake_35,BuzzFeed_Fake_18,13
BuzzFeed_Fake_35,BuzzFeed_Fake_20,5
BuzzFeed_Fake_35,BuzzFeed_Fake_27,2
BuzzFeed_Fake_35,BuzzFeed_Fake_53,4
BuzzFeed_Fake_35,BuzzFeed_Real_25,1
BuzzFeed_Fake_35,BuzzFeed_Real_29,1
BuzzFeed_Fake_35,BuzzFeed_Real_49,1
BuzzFeed_Fake_35,BuzzFeed_Real_65,1
BuzzFeed_Fake_35,BuzzFeed_Real_77,2
BuzzFeed_Fake_35,BuzzFeed_Real_78,1
BuzzFeed_Fake_35,BuzzFeed_Fake_42,4
BuzzFeed_Fake_35,BuzzFeed_Fake_82,1
BuzzFeed_Fake_35,BuzzFeed_Real_13,3
BuzzFeed_Fake_35,BuzzFeed_Fake_68,1
BuzzFeed_Fake_35,BuzzFeed_Fake_70,1
BuzzFeed_Fake_35,BuzzFeed_Fake_91,1
BuzzFeed_Fake_35,BuzzFeed_Fake_13,3
BuzzFeed_Fake_35,BuzzFeed_Fake_86,1
BuzzFeed_Real_78,BuzzFeed_Real_20,11
BuzzFeed_Real_78,BuzzFeed_Real_37,5
BuzzFeed_Real_78,BuzzFeed_Real_49,8
BuzzFeed_Real_78,BuzzFeed_Real_59,9
BuzzFeed_Real_78,BuzzFeed_Real_77,12
BuzzFeed_Real_78,BuzzFeed_Real_8,1
BuzzFeed_Real_78,BuzzFeed_Fake_9,2
BuzzFeed_Real_78,BuzzFeed_Fake_56,1
BuzzFeed_Real_78,BuzzFeed_Real_56,2
BuzzFeed_Real_78,BuzzFeed_Real_62,5
BuzzFeed_Real_78,BuzzFeed_Real_70,12
BuzzFeed_Real_78,BuzzFeed_Real_52,3
BuzzFeed_Real_78,BuzzFeed_Real_11,1
BuzzFeed_Real_78,BuzzFeed_Real_14,1
BuzzFeed_Real_78,BuzzFeed_Fake_65,1
BuzzFeed_Real_78,BuzzFeed_Fake_73,1
BuzzFeed_Real_78,BuzzFeed_Real_40,2
BuzzFeed_Real_78,BuzzFeed_Real_51,1
BuzzFeed_Real_78,BuzzFeed_Real_85,1
BuzzFeed_Real_66,BuzzFeed_Real_9,23
BuzzFeed_Real_66,BuzzFeed_Real_3,22
BuzzFeed_Real_66,BuzzFeed_Real_34,17
BuzzFeed_Real_66,BuzzFeed_Real_51,21
BuzzFeed_Real_66,BuzzFeed_Real_85,19
BuzzFeed_Real_66,BuzzFeed_Real_86,19
BuzzFeed_Real_66,BuzzFeed_Fake_82,1
BuzzFeed_Real_66,BuzzFeed_Real_13,11
BuzzFeed_Real_66,BuzzFeed_Real_38,10
BuzzFeed_Real_66,BuzzFeed_Real_48,2
BuzzFeed_Real_66,BuzzFeed_Real_16,1
BuzzFeed_Real_66,BuzzFeed_Real_25,2
BuzzFeed_Real_66,BuzzFeed_Real_49,2
BuzzFeed_Real_66,BuzzFeed_Real_84,4
BuzzFeed_Real_66,BuzzFeed_Real_20,2
BuzzFeed_Real_66,BuzzFeed_Real_27,3
BuzzFeed_Real_66,BuzzFeed_Real_59,3
BuzzFeed_Real_66,BuzzFeed_Real_65,3
BuzzFeed_Real_66,BuzzFeed_Real_68,2
BuzzFeed_Real_66,BuzzFeed_Real_82,1
BuzzFeed_Real_66,BuzzFeed_Real_37,2
BuzzFeed_Real_66,BuzzFeed_Real_69,2
BuzzFeed_Real_66,BuzzFeed_Real_83,3
BuzzFeed_Real_17,BuzzFeed_Real_44,9
BuzzFeed_Real_17,BuzzFeed_Real_34,18
BuzzFeed_Real_17,BuzzFeed_Real_85,19
BuzzFeed_Real_17,BuzzFeed_Real_38,6
BuzzFeed_Real_17,BuzzFeed_Real_48,3
BuzzFeed_Real_17,BuzzFeed_Real_77,4
BuzzFeed_Real_17,BuzzFeed_Real_83,3
BuzzFeed_Real_17,BuzzFeed_Real_65,2
BuzzFeed_Real_17,BuzzFeed_Real_81,2
BuzzFeed_Real_17,BuzzFeed_Fake_56,1
BuzzFeed_Real_17,BuzzFeed_Real_75,1
BuzzFeed_Real_17,BuzzFeed_Real_20,1
BuzzFeed_Real_17,BuzzFeed_Real_37,1
BuzzFeed_Real_17,BuzzFeed_Real_84,1
BuzzFeed_Real_18,BuzzFeed_Real_19,12
BuzzFeed_Real_18,BuzzFeed_Real_25,7
BuzzFeed_Real_18,BuzzFeed_Real_37,6
BuzzFeed_Real_18,BuzzFeed_Real_81,22
BuzzFeed_Real_18,BuzzFeed_Real_13,4
BuzzFeed_Real_18,BuzzFeed_Real_77,15
BuzzFeed_Real_18,BuzzFeed_Real_44,4
BuzzFeed_Real_18,BuzzFeed_Real_43,1
BuzzFeed_Real_18,BuzzFeed_Real_65,12
BuzzFeed_Real_18,BuzzFeed_Fake_9,1
BuzzFeed_Real_18,BuzzFeed_Fake_56,1
BuzzFeed_Real_18,BuzzFeed_Real_69,7
BuzzFeed_Real_18,BuzzFeed_Real_9,1
BuzzFeed_Real_18,BuzzFeed_Real_67,1
BuzzFeed_Real_18,BuzzFeed_Real_22,1
BuzzFeed_Real_18,BuzzFeed_Fake_58,1
BuzzFeed_Real_18,BuzzFeed_Fake_63,1
BuzzFeed_Real_18,BuzzFeed_Fake_81,1
BuzzFeed_Real_3,BuzzFeed_Real_34,32
BuzzFeed_Real_3,BuzzFeed_Real_86,33
BuzzFeed_Real_3,BuzzFeed_Real_85,20
BuzzFeed_Real_3,BuzzFeed_Real_44,3
BuzzFeed_Real_3,BuzzFeed_Real_81,2
BuzzFeed_Real_3,BuzzFeed_Real_16,1
BuzzFeed_Real_3,BuzzFeed_Real_19,1
BuzzFeed_Real_3,BuzzFeed_Real_20,1
BuzzFeed_Real_3,BuzzFeed_Real_29,1
BuzzFeed_Real_3,BuzzFeed_Real_59,1
BuzzFeed_Real_3,BuzzFeed_Real_68,1
BuzzFeed_Real_3,BuzzFeed_Real_69,1
BuzzFeed_Real_3,BuzzFeed_Real_70,1
BuzzFeed_Real_9,BuzzFeed_Real_48,2
BuzzFeed_Real_9,BuzzFeed_Real_79,1
BuzzFeed_Real_9,BuzzFeed_Real_44,1
BuzzFeed_Real_9,BuzzFeed_Fake_53,1
BuzzFeed_Real_9,BuzzFeed_Real_29,1
BuzzFeed_Real_34,BuzzFeed_Real_51,37
BuzzFeed_Real_34,BuzzFeed_Real_86,36
BuzzFeed_Real_34,BuzzFeed_Real_85,17
BuzzFeed_Real_34,BuzzFeed_Real_13,4
BuzzFeed_Real_34,BuzzFeed_Real_48,1
BuzzFeed_Real_34,BuzzFeed_Real_75,15
BuzzFeed_Real_34,BuzzFeed_Real_82,1
BuzzFeed_Real_34,BuzzFeed_Real_56,1
BuzzFeed_Real_34,BuzzFeed_Real_20,1
BuzzFeed_Real_34,BuzzFeed_Real_27,1
BuzzFeed_Real_34,BuzzFeed_Real_49,1
BuzzFeed_Real_34,BuzzFeed_Real_59,1
BuzzFeed_Real_34,BuzzFeed_Real_70,1
BuzzFeed_Real_34,BuzzFeed_Real_77,1
BuzzFeed_Real_34,BuzzFeed_Real_81,1
BuzzFeed_Real_34,BuzzFeed_Real_83,1
BuzzFeed_Real_34,BuzzFeed_Real_84,1
BuzzFeed_Real_51,BuzzFeed_Real_13,4
BuzzFeed_Real_51,BuzzFeed_Real_48,3
BuzzFeed_Real_51,BuzzFeed_Real_19,2
BuzzFeed_Real_51,BuzzFeed_Real_29,1
BuzzFeed_Real_51,BuzzFeed_Real_49,1
BuzzFeed_Real_51,BuzzFeed_Real_59,1
BuzzFeed_Real_51,BuzzFeed_Real_62,1
BuzzFeed_Real_51,BuzzFeed_Real_68,1
BuzzFeed_Real_51,BuzzFeed_Real_69,1
BuzzFeed_Real_51,BuzzFeed_Real_70,1
BuzzFeed_Real_51,BuzzFeed_Real_77,1
BuzzFeed_Real_51,BuzzFeed_Real_81,1
BuzzFeed_Real_86,BuzzFeed_Real_44,2
BuzzFeed_Real_86,BuzzFeed_Fake_82,1
BuzzFeed_Real_86,BuzzFeed_Real_48,2
BuzzFeed_Real_86,BuzzFeed_Real_25,1
BuzzFeed_Real_86,BuzzFeed_Real_37,1
BuzzFeed_Real_86,BuzzFeed_Real_62,1
BuzzFeed_Real_86,BuzzFeed_Real_70,1
BuzzFeed_Real_86,BuzzFeed_Real_83,1
BuzzFeed_Real_86,BuzzFeed_Real_84,1
BuzzFeed_Fake_76,BuzzFeed_Fake_1,4
BuzzFeed_Fake_76,BuzzFeed_Real_22,1
BuzzFeed_Fake_76,BuzzFeed_Real_53,2
BuzzFeed_Fake_76,BuzzFeed_Real_29,1
BuzzFeed_Real_83,BuzzFeed_Real_77,9
BuzzFeed_Real_83,BuzzFeed_Real_13,3
BuzzFeed_Real_83,BuzzFeed_Real_25,3
BuzzFeed_Real_83,BuzzFeed_Real_27,5
BuzzFeed_Real_83,BuzzFeed_Real_37,4
BuzzFeed_Real_83,BuzzFeed_Real_49,4
BuzzFeed_Real_83,BuzzFeed_Real_65,7
BuzzFeed_Real_83,BuzzFeed_Real_81,7
BuzzFeed_Real_83,BuzzFeed_Real_67,1
BuzzFeed_Real_83,BuzzFeed_Real_62,6
BuzzFeed_Real_83,BuzzFeed_Real_69,4
BuzzFeed_Real_85,BuzzFeed_Real_13,2
BuzzFeed_Real_85,BuzzFeed_Fake_15,1
BuzzFeed_Real_85,BuzzFeed_Fake_63,1
BuzzFeed_Real_85,BuzzFeed_Real_19,2
BuzzFeed_Real_85,BuzzFeed_Real_77,2
BuzzFeed_Real_85,BuzzFeed_Real_81,2
BuzzFeed_Real_85,BuzzFeed_Real_25,1
BuzzFeed_Real_85,BuzzFeed_Real_29,1
BuzzFeed_Real_85,BuzzFeed_Real_37,2
BuzzFeed_Real_85,BuzzFeed_Real_49,1
BuzzFeed_Real_85,BuzzFeed_Real_68,1
BuzzFeed_Real_85,BuzzFeed_Real_70,1
BuzzFeed_Real_38,BuzzFeed_Real_48,1
BuzzFeed_Fake_4,BuzzFeed_Fake_91,2
BuzzFeed_Fake_4,BuzzFeed_Fake_56,3
BuzzFeed_Fake_4,BuzzFeed_Fake_33,3
BuzzFeed_Fake_4,BuzzFeed_Fake_78,26
BuzzFeed_Fake_4,BuzzFeed_Fake_81,5
BuzzFeed_Fake_4,BuzzFeed_Fake_15,14
BuzzFeed_Fake_4,BuzzFeed_Real_77,2
BuzzFeed_Fake_4,BuzzFeed_Real_4,6
BuzzFeed_Fake_4,BuzzFeed_Fake_11,9
BuzzFeed_Fake_4,BuzzFeed_Fake_20,9
BuzzFeed_Fake_4,BuzzFeed_Fake_29,5
BuzzFeed_Fake_4,BuzzFeed_Fake_53,5
BuzzFeed_Fake_4,BuzzFeed_Fake_46,1
BuzzFeed_Fake_4,BuzzFeed_Real_8,6
BuzzFeed_Fake_4,BuzzFeed_Fake_6,2
BuzzFeed_Fake_4,BuzzFeed_Real_61,3
BuzzFeed_Fake_4,BuzzFeed_Fake_13,3
BuzzFeed_Fake_4,BuzzFeed_Fake_3,2
BuzzFeed_Fake_4,BuzzFeed_Real_47,1
BuzzFeed_Fake_4,BuzzFeed_Fake_17,2
BuzzFeed_Fake_4,BuzzFeed_Real_16,1
BuzzFeed_Fake_4,BuzzFeed_Real_88,1
BuzzFeed_Fake_91,BuzzFeed_Real_26,9
BuzzFeed_Fake_91,BuzzFeed_Fake_25,1
BuzzFeed_Fake_91,BuzzFeed_Fake_67,9
BuzzFeed_Fake_91,BuzzFeed_Fake_70,11
BuzzFeed_Fake_91,BuzzFeed_Fake_86,9
BuzzFeed_Fake_91,BuzzFeed_Fake_88,11
BuzzFeed_Fake_91,BuzzFeed_Real_33,9
BuzzFeed_Fake_91,BuzzFeed_Fake_74,7
BuzzFeed_Fake_91,BuzzFeed_Fake_79,7
BuzzFeed_Fake_91,BuzzFeed_Fake_16,1
BuzzFeed_Fake_91,BuzzFeed_Real_81,1
BuzzFeed_Fake_9,BuzzFeed_Fake_7,13
BuzzFeed_Fake_9,BuzzFeed_Fake_16,3
BuzzFeed_Fake_9,BuzzFeed_Fake_25,3
BuzzFeed_Fake_9,BuzzFeed_Fake_29,4
BuzzFeed_Fake_9,BuzzFeed_Fake_53,4
BuzzFeed_Fake_9,BuzzFeed_Real_8,10
BuzzFeed_Fake_9,BuzzFeed_Real_37,1
BuzzFeed_Fake_9,BuzzFeed_Real_65,1
BuzzFeed_Fake_9,BuzzFeed_Fake_56,1
BuzzFeed_Fake_9,BuzzFeed_Fake_10,3
BuzzFeed_Fake_9,BuzzFeed_Real_1,2
BuzzFeed_Fake_9,BuzzFeed_Fake_82,1
BuzzFeed_Fake_9,BuzzFeed_Fake_21,5
BuzzFeed_Fake_9,BuzzFeed_Fake_17,3
BuzzFeed_Fake_9,BuzzFeed_Real_47,1
BuzzFeed_Fake_9,BuzzFeed_Real_61,1
BuzzFeed_Fake_16,BuzzFeed_Fake_82,3
BuzzFeed_Fake_16,BuzzFeed_Fake_36,1
BuzzFeed_Fake_16,BuzzFeed_Fake_38,1
BuzzFeed_Fake_16,BuzzFeed_Fake_7,7
BuzzFeed_Fake_16,BuzzFeed_Fake_25,3
BuzzFeed_Fake_16,BuzzFeed_Fake_27,1
BuzzFeed_Fake_16,BuzzFeed_Fake_72,3
BuzzFeed_Fake_16,BuzzFeed_Real_43,2
BuzzFeed_Fake_16,BuzzFeed_Fake_46,1
BuzzFeed_Fake_16,BuzzFeed_Real_1,1
BuzzFeed_Fake_16,BuzzFeed_Real_28,2
BuzzFeed_Fake_16,BuzzFeed_Fake_8,1
BuzzFeed_Fake_16,BuzzFeed_Fake_13,1
BuzzFeed_Fake_16,BuzzFeed_Fake_39,1
BuzzFeed_Real_43,BuzzFeed_Fake_46,1
BuzzFeed_Real_43,BuzzFeed_Real_8,2
BuzzFeed_Real_43,BuzzFeed_Real_19,1
BuzzFeed_Real_43,BuzzFeed_Real_29,1
BuzzFeed_Real_43,BuzzFeed_Real_37,1
BuzzFeed_Real_43,BuzzFeed_Real_49,1
BuzzFeed_Real_43,BuzzFeed_Real_59,1
BuzzFeed_Real_43,BuzzFeed_Fake_36,2
BuzzFeed_Real_43,BuzzFeed_Fake_39,2
BuzzFeed_Real_43,BuzzFeed_Fake_53,1
BuzzFeed_Real_43,BuzzFeed_Fake_32,1
BuzzFeed_Real_43,BuzzFeed_Fake_7,3
BuzzFeed_Real_43,BuzzFeed_Fake_54,1
BuzzFeed_Real_43,BuzzFeed_Fake_43,1
BuzzFeed_Fake_7,BuzzFeed_Fake_15,142
BuzzFeed_Fake_7,BuzzFeed_Fake_10,11
BuzzFeed_Fake_7,BuzzFeed_Fake_82,4
BuzzFeed_Fake_7,BuzzFeed_Fake_20,9
BuzzFeed_Fake_7,BuzzFeed_Fake_25,3
BuzzFeed_Fake_7,BuzzFeed_Fake_72,4
BuzzFeed_Fake_7,BuzzFeed_Real_1,5
BuzzFeed_Fake_7,BuzzFeed_Fake_53,2
BuzzFeed_Fake_7,BuzzFeed_Fake_78,1
BuzzFeed_Fake_7,BuzzFeed_Fake_8,6
BuzzFeed_Fake_7,BuzzFeed_Fake_6,3
BuzzFeed_Fake_7,BuzzFeed_Real_47,2
BuzzFeed_Fake_15,BuzzFeed_Fake_18,22
BuzzFeed_Fake_15,BuzzFeed_Fake_25,3
BuzzFeed_Fake_15,BuzzFeed_Fake_29,2
BuzzFeed_Fake_15,BuzzFeed_Fake_21,6
BuzzFeed_Fake_15,BuzzFeed_Fake_6,3
BuzzFeed_Fake_15,BuzzFeed_Real_61,5
BuzzFeed_Fake_15,BuzzFeed_Real_44,1
BuzzFeed_Fake_15,BuzzFeed_Real_47,2
BuzzFeed_Fake_15,BuzzFeed_Fake_3,2
BuzzFeed_Fake_15,BuzzFeed_Fake_13,2
BuzzFeed_Fake_15,BuzzFeed_Fake_39,2
BuzzFeed_Fake_15,BuzzFeed_Fake_40,1
BuzzFeed_Real_56,BuzzFeed_Real_44,1
BuzzFeed_Real_56,BuzzFeed_Fake_33,1
BuzzFeed_Real_56,BuzzFeed_Fake_63,1
BuzzFeed_Fake_61,BuzzFeed_Real_22,7
BuzzFeed_Fake_61,BuzzFeed_Real_54,1
BuzzFeed_Fake_61,BuzzFeed_Fake_63,9
BuzzFeed_Fake_61,BuzzFeed_Real_68,1
BuzzFeed_Fake_61,BuzzFeed_Real_82,1
BuzzFeed_Fake_61,BuzzFeed_Real_76,1
BuzzFeed_Real_25,BuzzFeed_Real_20,7
BuzzFeed_Real_25,BuzzFeed_Real_37,5
BuzzFeed_Real_25,BuzzFeed_Real_8,1
BuzzFeed_Real_25,BuzzFeed_Fake_36,1
BuzzFeed_Real_25,BuzzFeed_Real_27,4
BuzzFeed_Real_25,BuzzFeed_Real_44,2
BuzzFeed_Real_25,BuzzFeed_Real_70,5
BuzzFeed_Real_25,BuzzFeed_Real_84,3
BuzzFeed_Real_25,BuzzFeed_Real_68,3
BuzzFeed_Real_1,BuzzFeed_Real_8,7
BuzzFeed_Real_1,BuzzFeed_Fake_85,1
BuzzFeed_Real_1,BuzzFeed_Fake_88,1
BuzzFeed_Real_1,BuzzFeed_Real_28,4
BuzzFeed_Real_1,BuzzFeed_Fake_8,2
BuzzFeed_Real_1,BuzzFeed_Fake_11,4
BuzzFeed_Real_1,BuzzFeed_Fake_20,4
BuzzFeed_Real_1,BuzzFeed_Real_47,2
BuzzFeed_Real_1,BuzzFeed_Real_61,3
BuzzFeed_Real_1,BuzzFeed_Fake_27,2
BuzzFeed_Real_1,BuzzFeed_Fake_18,1
BuzzFeed_Real_1,BuzzFeed_Fake_13,1
BuzzFeed_Real_1,BuzzFeed_Fake_39,1
BuzzFeed_Real_1,BuzzFeed_Fake_53,1
BuzzFeed_Real_88,BuzzFeed_Real_8,1
BuzzFeed_Real_88,BuzzFeed_Real_47,1
BuzzFeed_Real_88,BuzzFeed_Real_61,2
BuzzFeed_Real_88,BuzzFeed_Fake_6,2
BuzzFeed_Real_88,BuzzFeed_Fake_11,2
BuzzFeed_Real_88,BuzzFeed_Fake_20,2
BuzzFeed_Real_88,BuzzFeed_Fake_13,1
BuzzFeed_Real_88,BuzzFeed_Fake_39,1
BuzzFeed_Real_88,BuzzFeed_Fake_53,1
BuzzFeed_Fake_17,BuzzFeed_Fake_13,2
BuzzFeed_Fake_17,BuzzFeed_Fake_29,2
BuzzFeed_Fake_17,BuzzFeed_Fake_53,2
BuzzFeed_Fake_17,BuzzFeed_Fake_78,1
BuzzFeed_Fake_17,BuzzFeed_Real_8,2
BuzzFeed_Fake_17,BuzzFeed_Real_24,1
BuzzFeed_Fake_17,BuzzFeed_Real_28,2
BuzzFeed_Fake_17,BuzzFeed_Real_47,2
BuzzFeed_Fake_17,BuzzFeed_Fake_3,2
BuzzFeed_Fake_17,BuzzFeed_Fake_10,2
BuzzFeed_Fake_17,BuzzFeed_Fake_20,3
BuzzFeed_Fake_17,BuzzFeed_Fake_27,2
BuzzFeed_Fake_17,BuzzFeed_Fake_8,1
BuzzFeed_Fake_1,BuzzFeed_Real_90,4
BuzzFeed_Fake_1,BuzzFeed_Real_37,1
BuzzFeed_Fake_1,BuzzFeed_Real_54,1
BuzzFeed_Fake_1,BuzzFeed_Real_74,1
BuzzFeed_Fake_1,BuzzFeed_Real_79,1
BuzzFeed_Fake_1,BuzzFeed_Real_53,2
BuzzFeed_Fake_1,BuzzFeed_Real_76,2
BuzzFeed_Fake_1,BuzzFeed_Fake_58,1
BuzzFeed_Fake_1,BuzzFeed_Fake_33,1
BuzzFeed_Real_81,BuzzFeed_Real_52,4
BuzzFeed_Real_81,BuzzFeed_Real_20,11
BuzzFeed_Real_81,BuzzFeed_Real_37,4
BuzzFeed_Real_81,BuzzFeed_Real_44,2
BuzzFeed_Real_81,BuzzFeed_Real_49,6
BuzzFeed_Real_81,BuzzFeed_Real_59,8
BuzzFeed_Real_81,BuzzFeed_Real_65,12
BuzzFeed_Real_81,BuzzFeed_Real_70,13
BuzzFeed_Real_81,BuzzFeed_Real_68,9
BuzzFeed_Real_81,BuzzFeed_Real_69,7
BuzzFeed_Real_81,BuzzFeed_Real_40,1
BuzzFeed_Real_81,BuzzFeed_Fake_81,1
BuzzFeed_Real_81,BuzzFeed_Fake_83,1
BuzzFeed_Fake_13,BuzzFeed_Fake_48,1
BuzzFeed_Fake_13,BuzzFeed_Fake_29,4
BuzzFeed_Fake_13,BuzzFeed_Fake_53,4
BuzzFeed_Fake_13,BuzzFeed_Real_13,1
BuzzFeed_Fake_13,BuzzFeed_Fake_56,3
BuzzFeed_Fake_13,BuzzFeed_Real_61,1
BuzzFeed_Fake_13,BuzzFeed_Fake_6,1
BuzzFeed_Fake_13,BuzzFeed_Fake_20,1
BuzzFeed_Fake_13,BuzzFeed_Fake_27,1
BuzzFeed_Fake_13,BuzzFeed_Fake_18,1
BuzzFeed_Fake_13,BuzzFeed_Fake_72,1
BuzzFeed_Fake_39,BuzzFeed_Fake_48,1
BuzzFeed_Fake_39,BuzzFeed_Real_67,1
BuzzFeed_Fake_39,BuzzFeed_Real_13,1
BuzzFeed_Fake_39,BuzzFeed_Fake_83,1
BuzzFeed_Fake_39,BuzzFeed_Fake_11,1
BuzzFeed_Fake_39,BuzzFeed_Fake_20,1
BuzzFeed_Fake_39,BuzzFeed_Fake_18,1
BuzzFeed_Fake_39,BuzzFeed_Fake_40,1
BuzzFeed_Fake_39,BuzzFeed_Fake_42,1
BuzzFeed_Fake_18,BuzzFeed_Fake_82,2
BuzzFeed_Fake_18,BuzzFeed_Fake_25,9
BuzzFeed_Fake_18,BuzzFeed_Fake_27,2
BuzzFeed_Fake_18,BuzzFeed_Fake_72,2
BuzzFeed_Fake_18,BuzzFeed_Fake_48,1
BuzzFeed_Fake_18,BuzzFeed_Real_44,1
BuzzFeed_Fake_18,BuzzFeed_Fake_78,3
BuzzFeed_Fake_18,BuzzFeed_Fake_53,3
BuzzFeed_Fake_18,BuzzFeed_Fake_21,8
BuzzFeed_Fake_18,BuzzFeed_Fake_56,2
BuzzFeed_Fake_18,BuzzFeed_Real_13,4
BuzzFeed_Fake_18,BuzzFeed_Fake_3,1
BuzzFeed_Fake_18,BuzzFeed_Real_35,1
BuzzFeed_Fake_18,BuzzFeed_Fake_68,1
BuzzFeed_Real_44,BuzzFeed_Fake_82,2
BuzzFeed_Real_44,BuzzFeed_Real_13,7
BuzzFeed_Real_44,BuzzFeed_Real_16,2
BuzzFeed_Real_44,BuzzFeed_Real_27,2
BuzzFeed_Real_44,BuzzFeed_Real_29,2
BuzzFeed_Real_44,BuzzFeed_Real_37,2
BuzzFeed_Real_44,BuzzFeed_Real_65,2
BuzzFeed_Real_44,BuzzFeed_Real_84,2
BuzzFeed_Real_44,BuzzFeed_Real_69,1
BuzzFeed_Real_28,BuzzFeed_Fake_53,1
BuzzFeed_Real_28,BuzzFeed_Fake_8,2
BuzzFeed_Real_28,BuzzFeed_Fake_25,2
BuzzFeed_Real_28,BuzzFeed_Real_8,2
BuzzFeed_Real_28,BuzzFeed_Real_24,1
BuzzFeed_Real_28,BuzzFeed_Real_47,2
BuzzFeed_Real_28,BuzzFeed_Real_61,2
BuzzFeed_Real_28,BuzzFeed_Fake_26,1
BuzzFeed_Real_28,BuzzFeed_Fake_27,1
BuzzFeed_Real_28,BuzzFeed_Real_35,1
BuzzFeed_Fake_33,BuzzFeed_Fake_66,7
BuzzFeed_Fake_33,BuzzFeed_Real_76,4
BuzzFeed_Fake_33,BuzzFeed_Real_53,3
BuzzFeed_Fake_33,BuzzFeed_Real_74,1
BuzzFeed_Fake_33,BuzzFeed_Fake_42,1
BuzzFeed_Fake_78,BuzzFeed_Fake_72,5
BuzzFeed_Fake_78,BuzzFeed_Fake_48,1
BuzzFeed_Fake_78,BuzzFeed_Fake_36,4
BuzzFeed_Fake_78,BuzzFeed_Fake_53,6
BuzzFeed_Fake_78,BuzzFeed_Fake_11,1
BuzzFeed_Fake_78,BuzzFeed_Fake_82,1
BuzzFeed_Fake_78,BuzzFeed_Fake_68,1
BuzzFeed_Fake_78,BuzzFeed_Fake_70,1
BuzzFeed_Fake_78,BuzzFeed_Real_65,1
BuzzFeed_Fake_78,BuzzFeed_Fake_54,1
BuzzFeed_Fake_78,BuzzFeed_Real_67,1
BuzzFeed_Fake_78,BuzzFeed_Fake_86,1
BuzzFeed_Fake_63,BuzzFeed_Fake_66,5
BuzzFeed_Fake_63,BuzzFeed_Real_76,1
BuzzFeed_Fake_63,BuzzFeed_Real_22,5
BuzzFeed_Fake_63,BuzzFeed_Fake_58,4
BuzzFeed_Fake_63,BuzzFeed_Real_19,1
BuzzFeed_Fake_63,BuzzFeed_Real_82,1
BuzzFeed_Real_77,BuzzFeed_Real_82,2
BuzzFeed_Real_77,BuzzFeed_Real_13,4
BuzzFeed_Real_77,BuzzFeed_Real_8,1
BuzzFeed_Real_77,BuzzFeed_Real_19,10
BuzzFeed_Real_77,BuzzFeed_Real_29,9
BuzzFeed_Real_77,BuzzFeed_Real_59,8
BuzzFeed_Real_77,BuzzFeed_Fake_36,1
BuzzFeed_Real_77,BuzzFeed_Fake_56,1
BuzzFeed_Real_77,BuzzFeed_Real_67,4
BuzzFeed_Real_77,BuzzFeed_Real_27,9
BuzzFeed_Real_77,BuzzFeed_Real_84,7
BuzzFeed_Real_77,BuzzFeed_Real_52,3
BuzzFeed_Real_77,BuzzFeed_Real_69,6
BuzzFeed_Fake_56,BuzzFeed_Real_19,1
BuzzFeed_Fake_56,BuzzFeed_Real_37,1
BuzzFeed_Fake_56,BuzzFeed_Real_49,1
BuzzFeed_Fake_82,BuzzFeed_Fake_11,1
BuzzFeed_Fake_82,BuzzFeed_Fake_20,1
BuzzFeed_Fake_82,BuzzFeed_Fake_53,1
BuzzFeed_Fake_82,BuzzFeed_Fake_41,1
BuzzFeed_Real_13,BuzzFeed_Real_16,4
BuzzFeed_Real_13,BuzzFeed_Real_82,1
BuzzFeed_Real_13,BuzzFeed_Real_67,5
BuzzFeed_Real_13,BuzzFeed_Fake_8,1
BuzzFeed_Real_13,BuzzFeed_Fake_21,2
BuzzFeed_Real_13,BuzzFeed_Fake_46,1
BuzzFeed_Real_13,BuzzFeed_Real_48,2
BuzzFeed_Real_13,BuzzFeed_Real_29,1
BuzzFeed_Real_13,BuzzFeed_Fake_48,1
BuzzFeed_Real_13,BuzzFeed_Real_61,1
BuzzFeed_Real_13,BuzzFeed_Fake_29,1
BuzzFeed_Fake_10,BuzzFeed_Real_8,5
BuzzFeed_Fake_10,BuzzFeed_Fake_53,2
BuzzFeed_Fake_10,BuzzFeed_Real_61,3
BuzzFeed_Fake_10,BuzzFeed_Real_24,1
BuzzFeed_Fake_10,BuzzFeed_Fake_6,2
BuzzFeed_Real_82,BuzzFeed_Fake_36,1
BuzzFeed_Real_82,BuzzFeed_Real_75,1
BuzzFeed_Real_82,BuzzFeed_Real_70,1
BuzzFeed_Real_22,BuzzFeed_Real_54,2
BuzzFeed_Real_22,BuzzFeed_Fake_58,4
BuzzFeed_Real_22,BuzzFeed_Real_53,1
BuzzFeed_Real_54,BuzzFeed_Fake_58,1
BuzzFeed_Real_54,BuzzFeed_Real_37,1
BuzzFeed_Real_54,BuzzFeed_Real_74,1
BuzzFeed_Real_54,BuzzFeed_Real_79,1
BuzzFeed_Real_54,BuzzFeed_Fake_12,1
BuzzFeed_Real_54,BuzzFeed_Fake_66,2
BuzzFeed_Real_54,BuzzFeed_Real_53,1
BuzzFeed_Fake_58,BuzzFeed_Real_53,1
BuzzFeed_Fake_12,BuzzFeed_Real_37,1
BuzzFeed_Fake_12,BuzzFeed_Real_68,1
BuzzFeed_Fake_12,BuzzFeed_Fake_66,1
BuzzFeed_Fake_12,BuzzFeed_Real_90,2
BuzzFeed_Real_19,BuzzFeed_Real_20,9
BuzzFeed_Real_19,BuzzFeed_Real_29,10
BuzzFeed_Real_19,BuzzFeed_Real_37,6
BuzzFeed_Real_19,BuzzFeed_Real_49,5
BuzzFeed_Real_19,BuzzFeed_Real_59,9
BuzzFeed_Real_19,BuzzFeed_Real_68,7
BuzzFeed_Real_19,BuzzFeed_Real_8,1
BuzzFeed_Real_19,BuzzFeed_Real_52,2
BuzzFeed_Real_19,BuzzFeed_Real_70,9
BuzzFeed_Real_19,BuzzFeed_Real_62,3
BuzzFeed_Real_19,BuzzFeed_Real_69,4
BuzzFeed_Real_20,BuzzFeed_Real_37,5
BuzzFeed_Real_20,BuzzFeed_Real_49,7
BuzzFeed_Real_20,BuzzFeed_Real_8,1
BuzzFeed_Real_20,BuzzFeed_Real_65,9
BuzzFeed_Real_20,BuzzFeed_Fake_36,1
BuzzFeed_Real_20,BuzzFeed_Real_70,10
BuzzFeed_Real_20,BuzzFeed_Real_84,6
BuzzFeed_Real_20,BuzzFeed_Real_62,4
BuzzFeed_Real_29,BuzzFeed_Real_37,7
BuzzFeed_Real_29,BuzzFeed_Real_49,5
BuzzFeed_Real_29,BuzzFeed_Real_59,9
BuzzFeed_Real_29,BuzzFeed_Real_8,1
BuzzFeed_Real_29,BuzzFeed_Fake_36,1
BuzzFeed_Real_29,BuzzFeed_Real_27,7
BuzzFeed_Real_29,BuzzFeed_Real_70,9
BuzzFeed_Real_29,BuzzFeed_Real_68,7
BuzzFeed_Real_29,BuzzFeed_Real_62,4
BuzzFeed_Real_29,BuzzFeed_Real_69,5
BuzzFeed_Real_29,BuzzFeed_Real_52,1
BuzzFeed_Real_37,BuzzFeed_Real_49,5
BuzzFeed_Real_37,BuzzFeed_Fake_36,1
BuzzFeed_Real_37,BuzzFeed_Real_48,1
BuzzFeed_Real_37,BuzzFeed_Real_27,3
BuzzFeed_Real_37,BuzzFeed_Real_70,4
BuzzFeed_Real_37,BuzzFeed_Real_69,3
BuzzFeed_Real_37,BuzzFeed_Real_84,3
BuzzFeed_Real_49,BuzzFeed_Real_59,5
BuzzFeed_Real_49,BuzzFeed_Real_65,6
BuzzFeed_Real_49,BuzzFeed_Real_70,7
BuzzFeed_Real_49,BuzzFeed_Real_84,3
BuzzFeed_Real_49,BuzzFeed_Real_68,3
BuzzFeed_Real_59,BuzzFeed_Fake_36,1
BuzzFeed_Real_59,BuzzFeed_Real_70,8
BuzzFeed_Real_59,BuzzFeed_Real_68,5
BuzzFeed_Real_59,BuzzFeed_Real_40,1
BuzzFeed_Fake_41,BuzzFeed_Fake_42,1
BuzzFeed_Fake_41,BuzzFeed_Fake_36,2
BuzzFeed_Fake_41,BuzzFeed_Fake_40,1
BuzzFeed_Fake_42,BuzzFeed_Fake_72,1
BuzzFeed_Fake_42,BuzzFeed_Fake_86,1
BuzzFeed_Real_68,BuzzFeed_Real_74,1
BuzzFeed_Real_68,BuzzFeed_Real_79,1
BuzzFeed_Real_68,BuzzFeed_Fake_66,1
BuzzFeed_Real_68,BuzzFeed_Real_84,4
BuzzFeed_Real_68,BuzzFeed_Real_62,3
BuzzFeed_Real_52,BuzzFeed_Real_16,2
BuzzFeed_Real_52,BuzzFeed_Real_27,3
BuzzFeed_Real_52,BuzzFeed_Real_65,2
BuzzFeed_Fake_66,BuzzFeed_Real_74,2
BuzzFeed_Fake_66,BuzzFeed_Real_79,5
BuzzFeed_Fake_66,BuzzFeed_Real_53,1
BuzzFeed_Fake_66,BuzzFeed_Real_76,3
BuzzFeed_Fake_29,BuzzFeed_Fake_53,46
BuzzFeed_Fake_29,BuzzFeed_Fake_72,1
BuzzFeed_Fake_29,BuzzFeed_Real_61,1
BuzzFeed_Fake_29,BuzzFeed_Fake_11,1
BuzzFeed_Fake_53,BuzzFeed_Fake_40,1
BuzzFeed_Fake_53,BuzzFeed_Fake_72,1
BuzzFeed_Fake_53,BuzzFeed_Fake_6,1
BuzzFeed_Fake_53,BuzzFeed_Fake_11,1
BuzzFeed_Fake_53,BuzzFeed_Fake_27,1
BuzzFeed_Fake_72,BuzzFeed_Fake_20,2
BuzzFeed_Fake_72,BuzzFeed_Fake_21,2
BuzzFeed_Fake_72,BuzzFeed_Fake_48,1
BuzzFeed_Fake_72,BuzzFeed_Real_63,1
BuzzFeed_Fake_72,BuzzFeed_Fake_86,1
BuzzFeed_Fake_81,BuzzFeed_Real_11,7
BuzzFeed_Fake_81,BuzzFeed_Fake_75,8
BuzzFeed_Fake_81,BuzzFeed_Real_33,9
BuzzFeed_Fake_81,BuzzFeed_Real_14,5
BuzzFeed_Fake_81,BuzzFeed_Fake_74,6
BuzzFeed_Fake_81,BuzzFeed_Fake_87,6
BuzzFeed_Fake_81,BuzzFeed_Fake_79,5
BuzzFeed_Fake_48,BuzzFeed_Fake_54,2
BuzzFeed_Fake_48,BuzzFeed_Fake_25,1
BuzzFeed_Fake_48,BuzzFeed_Fake_36,1
BuzzFeed_Fake_8,BuzzFeed_Fake_46,1
BuzzFeed_Fake_8,BuzzFeed_Fake_20,3
BuzzFeed_Fake_8,BuzzFeed_Real_47,1
BuzzFeed_Fake_8,BuzzFeed_Real_61,1
BuzzFeed_Fake_8,BuzzFeed_Fake_3,1
BuzzFeed_Fake_21,BuzzFeed_Fake_46,1
BuzzFeed_Fake_21,BuzzFeed_Fake_70,1
BuzzFeed_Fake_21,BuzzFeed_Fake_20,2
BuzzFeed_Fake_21,BuzzFeed_Fake_25,2
BuzzFeed_Real_16,BuzzFeed_Real_67,3
BuzzFeed_Fake_27,BuzzFeed_Fake_20,4
BuzzFeed_Fake_27,BuzzFeed_Fake_25,1
BuzzFeed_Fake_27,BuzzFeed_Real_24,1
BuzzFeed_Fake_27,BuzzFeed_Real_61,2
BuzzFeed_Fake_27,BuzzFeed_Fake_26,1
BuzzFeed_Real_90,BuzzFeed_Real_53,3
BuzzFeed_Real_90,BuzzFeed_Real_76,1
BuzzFeed_Real_76,BuzzFeed_Real_53,2
BuzzFeed_Real_76,BuzzFeed_Real_74,1
BuzzFeed_Real_62,BuzzFeed_Real_27,5
BuzzFeed_Real_62,BuzzFeed_Real_70,5
BuzzFeed_Real_62,BuzzFeed_Real_65,5
BuzzFeed_Real_62,BuzzFeed_Real_69,4
BuzzFeed_Real_84,BuzzFeed_Real_65,6
BuzzFeed_Fake_38,BuzzFeed_Fake_40,1
BuzzFeed_Fake_40,BuzzFeed_Fake_54,1
BuzzFeed_Fake_54,BuzzFeed_Fake_32,1
BuzzFeed_Fake_11,BuzzFeed_Fake_20,20
BuzzFeed_Fake_11,BuzzFeed_Real_8,2
BuzzFeed_Fake_11,BuzzFeed_Real_47,2
BuzzFeed_Fake_11,BuzzFeed_Fake_3,2
BuzzFeed_Fake_20,BuzzFeed_Fake_25,2
BuzzFeed_Fake_20,BuzzFeed_Real_61,4
BuzzFeed_Fake_20,BuzzFeed_Real_8,2
BuzzFeed_Fake_20,BuzzFeed_Real_47,2
BuzzFeed_Fake_20,BuzzFeed_Fake_26,1
BuzzFeed_Fake_25,BuzzFeed_Real_26,1
BuzzFeed_Fake_25,BuzzFeed_Fake_67,1
BuzzFeed_Fake_25,BuzzFeed_Fake_68,1
BuzzFeed_Fake_25,BuzzFeed_Fake_83,1
BuzzFeed_Fake_25,BuzzFeed_Fake_88,1
BuzzFeed_Fake_25,BuzzFeed_Real_35,1
BuzzFeed_Real_11,BuzzFeed_Fake_65,5
BuzzFeed_Real_11,BuzzFeed_Fake_67,9
BuzzFeed_Real_11,BuzzFeed_Fake_68,9
BuzzFeed_Real_11,BuzzFeed_Fake_70,9
BuzzFeed_Real_11,BuzzFeed_Fake_75,8
BuzzFeed_Real_11,BuzzFeed_Fake_83,9
BuzzFeed_Real_11,BuzzFeed_Fake_88,8
BuzzFeed_Real_11,BuzzFeed_Real_14,7
BuzzFeed_Real_11,BuzzFeed_Real_33,7
BuzzFeed_Real_11,BuzzFeed_Real_36,7
BuzzFeed_Real_11,BuzzFeed_Fake_74,7
BuzzFeed_Real_11,BuzzFeed_Fake_79,7
BuzzFeed_Real_11,BuzzFeed_Fake_87,8
BuzzFeed_Real_26,BuzzFeed_Fake_75,9
BuzzFeed_Real_26,BuzzFeed_Fake_83,9
BuzzFeed_Real_26,BuzzFeed_Fake_86,7
BuzzFeed_Real_26,BuzzFeed_Real_14,7
BuzzFeed_Real_26,BuzzFeed_Real_36,7
BuzzFeed_Real_26,BuzzFeed_Fake_74,8
BuzzFeed_Real_26,BuzzFeed_Fake_79,7
BuzzFeed_Real_26,BuzzFeed_Fake_87,8
BuzzFeed_Fake_65,BuzzFeed_Fake_67,5
BuzzFeed_Fake_65,BuzzFeed_Fake_68,6
BuzzFeed_Fake_65,BuzzFeed_Fake_75,5
BuzzFeed_Fake_65,BuzzFeed_Fake_85,6
BuzzFeed_Fake_65,BuzzFeed_Fake_86,4
BuzzFeed_Fake_65,BuzzFeed_Fake_88,6
BuzzFeed_Fake_65,BuzzFeed_Real_14,4
BuzzFeed_Fake_65,BuzzFeed_Real_33,4
BuzzFeed_Fake_65,BuzzFeed_Fake_74,4
BuzzFeed_Fake_65,BuzzFeed_Fake_87,4
BuzzFeed_Fake_65,BuzzFeed_Fake_79,3
BuzzFeed_Fake_67,BuzzFeed_Fake_68,9
BuzzFeed_Fake_67,BuzzFeed_Fake_75,8
BuzzFeed_Fake_67,BuzzFeed_Fake_88,8
BuzzFeed_Fake_67,BuzzFeed_Real_14,7
BuzzFeed_Fake_67,BuzzFeed_Real_33,7
BuzzFeed_Fake_67,BuzzFeed_Real_36,7
BuzzFeed_Fake_67,BuzzFeed_Fake_74,7
BuzzFeed_Fake_68,BuzzFeed_Fake_70,12
BuzzFeed_Fake_68,BuzzFeed_Fake_75,9
BuzzFeed_Fake_68,BuzzFeed_Fake_83,11
BuzzFeed_Fake_68,BuzzFeed_Fake_88,10
BuzzFeed_Fake_68,BuzzFeed_Real_14,7
BuzzFeed_Fake_68,BuzzFeed_Fake_73,8
BuzzFeed_Fake_68,BuzzFeed_Fake_74,7
BuzzFeed_Fake_68,BuzzFeed_Fake_79,7
BuzzFeed_Fake_70,BuzzFeed_Fake_75,9
BuzzFeed_Fake_70,BuzzFeed_Fake_85,6
BuzzFeed_Fake_70,BuzzFeed_Fake_86,9
BuzzFeed_Fake_70,BuzzFeed_Fake_88,10
BuzzFeed_Fake_70,BuzzFeed_Real_14,7
BuzzFeed_Fake_70,BuzzFeed_Real_36,7
BuzzFeed_Fake_70,BuzzFeed_Fake_73,8
BuzzFeed_Fake_70,BuzzFeed_Fake_74,7
BuzzFeed_Fake_70,BuzzFeed_Fake_79,7
BuzzFeed_Fake_70,BuzzFeed_Fake_87,8
BuzzFeed_Fake_75,BuzzFeed_Fake_83,10
BuzzFeed_Fake_75,BuzzFeed_Fake_85,5
BuzzFeed_Fake_75,BuzzFeed_Fake_86,7
BuzzFeed_Fake_75,BuzzFeed_Real_33,7
BuzzFeed_Fake_75,BuzzFeed_Fake_73,7
BuzzFeed_Fake_75,BuzzFeed_Fake_79,7
BuzzFeed_Fake_83,BuzzFeed_Fake_86,9
BuzzFeed_Fake_83,BuzzFeed_Real_33,9
BuzzFeed_Fake_83,BuzzFeed_Real_36,7
BuzzFeed_Fake_83,BuzzFeed_Fake_73,8
BuzzFeed_Fake_85,BuzzFeed_Real_14,4
BuzzFeed_Fake_85,BuzzFeed_Real_33,4
BuzzFeed_Fake_85,BuzzFeed_Fake_73,4
BuzzFeed_Fake_86,BuzzFeed_Real_14,5
BuzzFeed_Fake_86,BuzzFeed_Real_36,5
BuzzFeed_Fake_86,BuzzFeed_Fake_73,6
BuzzFeed_Fake_86,BuzzFeed_Fake_74,5
BuzzFeed_Fake_86,BuzzFeed_Fake_79,5
BuzzFeed_Fake_86,BuzzFeed_Fake_87,6
BuzzFeed_Fake_88,BuzzFeed_Real_14,6
BuzzFeed_Fake_88,BuzzFeed_Real_33,9
BuzzFeed_Fake_88,BuzzFeed_Fake_74,7
BuzzFeed_Fake_88,BuzzFeed_Fake_79,6
BuzzFeed_Real_74,BuzzFeed_Real_79,1
BuzzFeed_Fake_46,BuzzFeed_Fake_79,1
BuzzFeed_Real_8,BuzzFeed_Real_61,2
BuzzFeed_Fake_6,BuzzFeed_Real_24,1
BuzzFeed_Fake_6,BuzzFeed_Real_61,2
BuzzFeed_Fake_6,BuzzFeed_Fake_3,1
BuzzFeed_Real_27,BuzzFeed_Real_70,10
BuzzFeed_Real_27,BuzzFeed_Real_69,6
BuzzFeed_Real_27,BuzzFeed_Real_40,1
BuzzFeed_Real_40,BuzzFeed_Real_69,1
BuzzFeed_Real_69,BuzzFeed_Real_70,7
BuzzFeed_Real_53,BuzzFeed_Real_39,1
BuzzFeed_Fake_79,BuzzFeed_Real_14,6
BuzzFeed_Fake_79,BuzzFeed_Fake_74,6
BuzzFeed_Real_14,BuzzFeed_Real_33,7
BuzzFeed_Real_14,BuzzFeed_Real_36,7
BuzzFeed_Real_14,BuzzFeed_Fake_73,7
BuzzFeed_Real_14,BuzzFeed_Fake_87,7
BuzzFeed_Real_33,BuzzFeed_Fake_74,8
BuzzFeed_Real_36,BuzzFeed_Fake_73,7
BuzzFeed_Fake_73,BuzzFeed_Fake_74,7
BuzzFeed_Fake_73,BuzzFeed_Fake_87,8
BuzzFeed_Fake_74,BuzzFeed_Fake_87,7
BuzzFeed_Fake_3,BuzzFeed_Real_47,2
BuzzFeed_Fake_3,BuzzFeed_Real_61,2
BuzzFeed_Real_61,BuzzFeed_Fake_26,1
BuzzFeed_Real_24,BuzzFeed_Real_47,1
